-- phpMyAdmin SQL Dump
-- version 5.2.1
-- https://www.phpmyadmin.net/
--
-- Servidor: 127.0.0.1
-- Tiempo de generación: 29-04-2024 a las 17:54:08
-- Versión del servidor: 10.4.32-MariaDB
-- Versión de PHP: 8.2.12

SET SQL_MODE = "NO_AUTO_VALUE_ON_ZERO";
START TRANSACTION;
SET time_zone = "+00:00";


/*!40101 SET @OLD_CHARACTER_SET_CLIENT=@@CHARACTER_SET_CLIENT */;
/*!40101 SET @OLD_CHARACTER_SET_RESULTS=@@CHARACTER_SET_RESULTS */;
/*!40101 SET @OLD_COLLATION_CONNECTION=@@COLLATION_CONNECTION */;
/*!40101 SET NAMES utf8mb4 */;

--
-- Base de datos: `henrywallon`
--

-- --------------------------------------------------------

--
-- Estructura de tabla para la tabla `alumno`
--

CREATE TABLE `alumno` (
  `id` bigint(20) UNSIGNED NOT NULL,
  `id_Usuario` bigint(20) UNSIGNED NOT NULL,
  `semestre` int(11) NOT NULL,
  `fechaIngreso` datetime NOT NULL,
  `fechaEgreso` datetime DEFAULT NULL,
  `estatus` tinyint(1) NOT NULL,
  `id_UsuarioTutor` bigint(20) UNSIGNED NOT NULL,
  `created_at` timestamp NULL DEFAULT NULL,
  `updated_at` timestamp NULL DEFAULT NULL
) ENGINE=InnoDB DEFAULT CHARSET=utf8mb4 COLLATE=utf8mb4_unicode_ci;

--
-- Volcado de datos para la tabla `alumno`
--

INSERT INTO `alumno` (`id`, `id_Usuario`, `semestre`, `fechaIngreso`, `fechaEgreso`, `estatus`, `id_UsuarioTutor`, `created_at`, `updated_at`) VALUES
(1, 4, 3, '2015-08-11 17:33:51', NULL, 0, 11, '2024-04-29 07:26:28', '2024-04-29 07:26:28'),
(2, 10, 2, '2011-04-18 10:16:20', '2014-06-22 08:30:53', 1, 11, '2024-04-29 07:26:28', '2024-04-29 07:26:28'),
(3, 4, 5, '2005-07-26 00:03:22', '2027-04-04 03:36:27', 1, 7, '2024-04-29 07:26:28', '2024-04-29 07:26:28'),
(4, 4, 2, '2005-03-17 02:24:23', NULL, 1, 7, '2024-04-29 07:26:28', '2024-04-29 07:26:28'),
(5, 10, 6, '2008-10-18 08:02:25', NULL, 0, 7, '2024-04-29 07:26:28', '2024-04-29 07:26:28'),
(6, 4, 3, '2011-07-19 07:59:23', '2012-10-25 21:39:39', 1, 9, '2024-04-29 07:26:28', '2024-04-29 07:26:28'),
(7, 10, 1, '2014-06-10 01:54:42', NULL, 0, 9, '2024-04-29 07:26:28', '2024-04-29 07:26:28'),
(8, 10, 2, '2022-01-18 14:04:06', '2024-10-11 08:01:35', 0, 7, '2024-04-29 07:26:28', '2024-04-29 07:26:28'),
(9, 4, 3, '2018-09-03 06:02:01', '2019-09-15 10:21:04', 1, 9, '2024-04-29 07:26:28', '2024-04-29 07:26:28'),
(10, 4, 3, '2013-07-01 14:53:46', '2018-05-21 08:35:37', 0, 11, '2024-04-29 07:26:28', '2024-04-29 07:26:28'),
(11, 10, 4, '2008-12-05 16:34:56', NULL, 1, 11, '2024-04-29 07:26:28', '2024-04-29 07:26:28'),
(12, 10, 2, '2020-09-29 16:18:28', NULL, 1, 11, '2024-04-29 07:26:28', '2024-04-29 07:26:28'),
(13, 4, 6, '2011-08-25 12:51:24', '2022-06-17 04:07:42', 0, 9, '2024-04-29 07:26:28', '2024-04-29 07:26:28'),
(14, 4, 3, '2008-08-24 07:58:33', NULL, 1, 7, '2024-04-29 07:26:28', '2024-04-29 07:26:28'),
(15, 4, 6, '2009-12-21 13:48:54', '2025-11-03 04:13:27', 0, 9, '2024-04-29 07:26:28', '2024-04-29 07:26:28'),
(16, 4, 4, '2007-08-28 07:55:58', NULL, 0, 9, '2024-04-29 07:26:28', '2024-04-29 07:26:28'),
(17, 10, 6, '2022-05-08 00:00:08', NULL, 0, 11, '2024-04-29 07:26:28', '2024-04-29 07:26:28'),
(18, 4, 2, '2017-03-28 13:57:39', NULL, 1, 11, '2024-04-29 07:26:28', '2024-04-29 07:26:28'),
(19, 4, 4, '2014-06-05 23:55:10', '2014-11-28 11:08:36', 0, 9, '2024-04-29 07:26:28', '2024-04-29 07:26:28'),
(20, 4, 5, '2009-02-04 11:45:37', '2025-12-08 21:58:01', 1, 7, '2024-04-29 07:26:28', '2024-04-29 07:26:28'),
(21, 10, 1, '2008-05-05 08:14:50', NULL, 1, 11, '2024-04-29 07:26:28', '2024-04-29 07:26:28'),
(22, 10, 4, '2018-08-11 01:54:05', '2025-03-21 12:18:21', 0, 7, '2024-04-29 07:26:28', '2024-04-29 07:26:28'),
(23, 4, 2, '2023-01-01 05:15:01', '2026-10-20 08:23:39', 0, 11, '2024-04-29 07:26:28', '2024-04-29 07:26:28'),
(24, 10, 3, '2015-10-31 18:31:42', '2016-02-05 08:03:45', 0, 11, '2024-04-29 07:26:28', '2024-04-29 07:26:28'),
(25, 10, 6, '2010-03-03 18:27:44', '2015-09-17 10:37:49', 1, 7, '2024-04-29 07:26:28', '2024-04-29 07:26:28'),
(26, 10, 5, '2014-05-08 23:20:17', '2026-05-09 19:51:14', 1, 11, '2024-04-29 07:26:28', '2024-04-29 07:26:28'),
(27, 10, 5, '2023-10-31 04:53:05', '2026-10-16 11:02:00', 0, 11, '2024-04-29 07:26:28', '2024-04-29 07:26:28'),
(28, 4, 5, '2013-10-28 21:30:31', NULL, 0, 11, '2024-04-29 07:26:28', '2024-04-29 07:26:28'),
(29, 4, 6, '2023-01-18 06:34:08', '2024-09-07 17:30:46', 0, 9, '2024-04-29 07:26:28', '2024-04-29 07:26:28'),
(30, 10, 3, '2011-10-06 18:53:27', NULL, 0, 7, '2024-04-29 07:26:28', '2024-04-29 07:26:28'),
(31, 4, 5, '2004-07-09 06:53:43', '2024-07-10 12:30:43', 1, 9, '2024-04-29 07:26:28', '2024-04-29 07:26:28'),
(32, 4, 4, '2019-02-28 01:47:43', NULL, 0, 9, '2024-04-29 07:26:28', '2024-04-29 07:26:28'),
(33, 10, 4, '2005-11-18 16:46:22', '2018-07-28 08:44:33', 0, 7, '2024-04-29 07:26:28', '2024-04-29 07:26:28'),
(34, 4, 1, '2005-10-13 23:24:45', NULL, 0, 9, '2024-04-29 07:26:28', '2024-04-29 07:26:28'),
(35, 10, 1, '2007-01-15 13:41:59', NULL, 0, 9, '2024-04-29 07:26:28', '2024-04-29 07:26:28'),
(36, 10, 3, '2017-03-08 15:32:12', '2023-09-12 00:07:11', 1, 7, '2024-04-29 07:26:28', '2024-04-29 07:26:28'),
(37, 10, 6, '2019-05-09 13:09:59', NULL, 1, 9, '2024-04-29 07:26:28', '2024-04-29 07:26:28'),
(38, 4, 6, '2024-03-07 11:08:20', '2024-08-23 21:19:01', 0, 11, '2024-04-29 07:26:28', '2024-04-29 07:26:28'),
(39, 10, 4, '2006-08-01 07:40:23', '2007-04-02 04:15:06', 1, 7, '2024-04-29 07:26:28', '2024-04-29 07:26:28'),
(40, 10, 3, '2016-01-25 13:37:30', NULL, 1, 11, '2024-04-29 07:26:28', '2024-04-29 07:26:28'),
(41, 4, 1, '2012-03-08 20:11:31', '2016-10-10 16:28:13', 1, 11, '2024-04-29 07:26:28', '2024-04-29 07:26:28'),
(42, 10, 3, '2011-02-20 16:28:33', NULL, 0, 11, '2024-04-29 07:26:28', '2024-04-29 07:26:28'),
(43, 10, 5, '2011-07-26 04:54:01', '2015-07-31 22:25:41', 1, 7, '2024-04-29 07:26:28', '2024-04-29 07:26:28'),
(44, 4, 1, '2017-03-23 07:51:25', '2022-07-12 00:31:31', 0, 7, '2024-04-29 07:26:28', '2024-04-29 07:26:28'),
(45, 10, 6, '2008-07-24 14:21:22', NULL, 0, 9, '2024-04-29 07:26:28', '2024-04-29 07:26:28'),
(46, 4, 2, '2015-04-29 11:18:53', '2016-04-28 05:05:18', 0, 7, '2024-04-29 07:26:28', '2024-04-29 07:26:28'),
(47, 4, 3, '2023-06-20 08:01:37', NULL, 1, 11, '2024-04-29 07:26:28', '2024-04-29 07:26:28'),
(48, 10, 6, '2018-06-08 04:41:43', '2026-06-22 04:32:37', 0, 7, '2024-04-29 07:26:28', '2024-04-29 07:26:28'),
(49, 10, 4, '2018-07-03 17:46:49', '2019-03-24 18:03:25', 0, 11, '2024-04-29 07:26:28', '2024-04-29 07:26:28'),
(50, 10, 5, '2018-07-27 18:33:05', '2019-12-13 15:44:20', 1, 11, '2024-04-29 07:26:28', '2024-04-29 07:26:28'),
(51, 4, 2, '2012-12-09 00:17:25', '2024-06-30 17:44:59', 0, 9, '2024-04-29 07:26:28', '2024-04-29 07:26:28'),
(52, 4, 3, '2013-07-27 22:58:03', NULL, 1, 11, '2024-04-29 07:26:28', '2024-04-29 07:26:28'),
(53, 10, 3, '2023-04-20 23:32:29', '2026-01-04 20:26:09', 1, 11, '2024-04-29 07:26:28', '2024-04-29 07:26:28'),
(54, 10, 1, '2018-05-15 06:51:34', NULL, 0, 11, '2024-04-29 07:26:28', '2024-04-29 07:26:28'),
(55, 10, 1, '2018-06-04 11:14:05', '2027-02-12 02:50:11', 1, 9, '2024-04-29 07:26:28', '2024-04-29 07:26:28'),
(56, 10, 2, '2006-08-07 02:53:31', NULL, 1, 9, '2024-04-29 07:26:28', '2024-04-29 07:26:28'),
(57, 4, 2, '2010-12-02 09:41:36', '2023-02-18 00:40:27', 0, 9, '2024-04-29 07:26:28', '2024-04-29 07:26:28'),
(58, 4, 2, '2015-08-25 11:42:17', '2016-02-24 18:06:59', 1, 7, '2024-04-29 07:26:28', '2024-04-29 07:26:28'),
(59, 10, 1, '2008-08-21 13:34:21', NULL, 1, 11, '2024-04-29 07:26:28', '2024-04-29 07:26:28'),
(60, 10, 2, '2007-02-25 12:45:43', '2017-01-21 19:39:07', 0, 9, '2024-04-29 07:26:28', '2024-04-29 07:26:28'),
(61, 4, 5, '2014-10-29 01:38:33', '2020-08-08 10:57:55', 0, 11, '2024-04-29 07:26:28', '2024-04-29 07:26:28'),
(62, 10, 5, '2015-06-11 14:39:02', NULL, 1, 9, '2024-04-29 07:26:28', '2024-04-29 07:26:28'),
(63, 4, 4, '2004-10-18 12:11:32', '2007-11-30 11:27:01', 0, 9, '2024-04-29 07:26:28', '2024-04-29 07:26:28'),
(64, 10, 6, '2013-12-08 08:27:48', NULL, 0, 11, '2024-04-29 07:26:28', '2024-04-29 07:26:28'),
(65, 4, 4, '2013-09-04 09:53:12', NULL, 0, 9, '2024-04-29 07:26:28', '2024-04-29 07:26:28'),
(66, 10, 1, '2016-05-05 02:56:28', NULL, 1, 7, '2024-04-29 07:26:28', '2024-04-29 07:26:28'),
(67, 4, 5, '2013-11-17 22:16:19', '2026-12-25 17:48:24', 0, 7, '2024-04-29 07:26:28', '2024-04-29 07:26:28'),
(68, 10, 6, '2019-06-27 12:23:00', '2023-04-16 14:59:47', 1, 9, '2024-04-29 07:26:28', '2024-04-29 07:26:28'),
(69, 4, 3, '2016-08-11 05:43:02', '2027-03-15 11:29:48', 0, 7, '2024-04-29 07:26:28', '2024-04-29 07:26:28'),
(70, 10, 5, '2009-07-18 09:08:12', NULL, 0, 11, '2024-04-29 07:26:28', '2024-04-29 07:26:28'),
(71, 4, 6, '2004-10-31 07:52:50', '2015-07-03 05:31:02', 1, 7, '2024-04-29 07:26:28', '2024-04-29 07:26:28'),
(72, 4, 5, '2018-11-10 08:57:34', '2024-09-05 03:51:02', 0, 11, '2024-04-29 07:26:28', '2024-04-29 07:26:28'),
(73, 4, 1, '2021-02-23 07:10:57', '2025-11-04 17:24:00', 0, 9, '2024-04-29 07:26:28', '2024-04-29 07:26:28'),
(74, 10, 6, '2007-06-17 01:26:24', '2021-09-05 09:02:41', 1, 9, '2024-04-29 07:26:28', '2024-04-29 07:26:28'),
(75, 10, 6, '2012-07-24 05:01:50', NULL, 0, 11, '2024-04-29 07:26:28', '2024-04-29 07:26:28'),
(76, 4, 1, '2021-08-02 10:36:51', NULL, 1, 11, '2024-04-29 07:26:28', '2024-04-29 07:26:28'),
(77, 10, 2, '2005-06-29 12:49:23', '2009-06-20 04:37:02', 1, 11, '2024-04-29 07:26:28', '2024-04-29 07:26:28'),
(78, 10, 4, '2024-02-05 00:06:02', NULL, 0, 11, '2024-04-29 07:26:28', '2024-04-29 07:26:28'),
(79, 10, 5, '2018-01-20 10:53:11', NULL, 0, 9, '2024-04-29 07:26:28', '2024-04-29 07:26:28'),
(80, 4, 2, '2005-05-09 12:35:53', '2008-07-21 11:01:46', 0, 11, '2024-04-29 07:26:28', '2024-04-29 07:26:28'),
(81, 4, 1, '2009-12-12 07:34:39', NULL, 1, 7, '2024-04-29 07:26:28', '2024-04-29 07:26:28'),
(82, 10, 2, '2004-07-03 14:03:28', '2023-08-28 14:07:17', 1, 11, '2024-04-29 07:26:28', '2024-04-29 07:26:28'),
(83, 10, 5, '2023-08-05 11:06:13', NULL, 1, 7, '2024-04-29 07:26:28', '2024-04-29 07:26:28'),
(84, 4, 3, '2023-09-04 00:25:13', '2024-11-07 12:23:10', 1, 9, '2024-04-29 07:26:28', '2024-04-29 07:26:28'),
(85, 4, 3, '2006-09-28 00:29:24', NULL, 0, 9, '2024-04-29 07:26:28', '2024-04-29 07:26:28'),
(86, 4, 1, '2007-11-17 23:16:22', '2009-07-05 20:00:21', 0, 11, '2024-04-29 07:26:28', '2024-04-29 07:26:28'),
(87, 4, 4, '2012-03-18 20:18:14', '2018-10-15 06:32:18', 0, 11, '2024-04-29 07:26:28', '2024-04-29 07:26:28'),
(88, 10, 6, '2012-06-30 05:37:09', NULL, 0, 7, '2024-04-29 07:26:28', '2024-04-29 07:26:28'),
(89, 10, 2, '2018-05-01 23:17:39', '2021-05-06 08:42:46', 1, 7, '2024-04-29 07:26:28', '2024-04-29 07:26:28'),
(90, 4, 1, '2007-12-02 15:27:01', '2009-07-01 18:02:00', 1, 11, '2024-04-29 07:26:28', '2024-04-29 07:26:28'),
(91, 4, 3, '2012-07-27 14:17:29', NULL, 1, 9, '2024-04-29 07:26:28', '2024-04-29 07:26:28'),
(92, 10, 3, '2008-08-05 12:37:38', NULL, 1, 7, '2024-04-29 07:26:28', '2024-04-29 07:26:28'),
(93, 10, 3, '2012-06-02 08:13:36', '2017-07-13 21:11:18', 0, 9, '2024-04-29 07:26:28', '2024-04-29 07:26:28'),
(94, 4, 1, '2017-04-12 22:05:58', '2026-09-27 10:05:40', 1, 11, '2024-04-29 07:26:28', '2024-04-29 07:26:28'),
(95, 4, 2, '2020-09-15 11:30:27', '2021-09-03 22:59:59', 1, 11, '2024-04-29 07:26:28', '2024-04-29 07:26:28'),
(96, 10, 5, '2023-04-29 15:16:32', NULL, 0, 11, '2024-04-29 07:26:28', '2024-04-29 07:26:28'),
(97, 4, 5, '2017-01-19 07:26:12', '2022-05-20 00:54:07', 1, 11, '2024-04-29 07:26:28', '2024-04-29 07:26:28'),
(98, 4, 6, '2021-06-11 08:29:53', NULL, 1, 9, '2024-04-29 07:26:28', '2024-04-29 07:26:28'),
(99, 10, 3, '2016-01-16 10:11:25', NULL, 0, 9, '2024-04-29 07:26:28', '2024-04-29 07:26:28'),
(100, 4, 4, '2013-12-20 07:05:25', '2023-04-07 17:32:23', 0, 7, '2024-04-29 07:26:28', '2024-04-29 07:26:28');

-- --------------------------------------------------------

--
-- Estructura de tabla para la tabla `asignatura`
--

CREATE TABLE `asignatura` (
  `id` bigint(20) UNSIGNED NOT NULL,
  `nombre` varchar(255) NOT NULL,
  `objetivo` text NOT NULL,
  `intencionDidactica` text NOT NULL,
  `turno` enum('Matutino','Vespertino') NOT NULL,
  `semestre` enum('Primero','Segundo','Tercero','Cuarto','Quinto','Sexto') NOT NULL,
  `componente` enum('Fundamental','Fundamental Extendido','Fundamental Extendido Obligatorio','Laboral Básico','Ampliada') NOT NULL,
  `creditos` int(10) UNSIGNED NOT NULL,
  `horasDocente` int(10) UNSIGNED NOT NULL,
  `horasEstudioIndependiente` int(10) UNSIGNED NOT NULL,
  `calificacionAprobatoria` int(10) UNSIGNED NOT NULL,
  `imagen` varchar(255) NOT NULL,
  `estatus` enum('Aprobada','No aprobada','En revisión','Sin planeación') NOT NULL,
  `created_at` timestamp NULL DEFAULT NULL,
  `updated_at` timestamp NULL DEFAULT NULL
) ENGINE=InnoDB DEFAULT CHARSET=utf8mb4 COLLATE=utf8mb4_unicode_ci;

--
-- Volcado de datos para la tabla `asignatura`
--

INSERT INTO `asignatura` (`id`, `nombre`, `objetivo`, `intencionDidactica`, `turno`, `semestre`, `componente`, `creditos`, `horasDocente`, `horasEstudioIndependiente`, `calificacionAprobatoria`, `imagen`, `estatus`, `created_at`, `updated_at`) VALUES
(2, 'Nafnlwk', 'Ldsmge', '16s5d46df', 'Matutino', 'Quinto', 'Ampliada', 3156, 31684, 2315, 3163, 'tabla_EstadoArte (1).jpg', 'Sin planeación', '2024-04-29 07:13:29', '2024-04-29 07:13:29');

-- --------------------------------------------------------

--
-- Estructura de tabla para la tabla `asignatura_docente`
--

CREATE TABLE `asignatura_docente` (
  `id` bigint(20) UNSIGNED NOT NULL,
  `id_Asignatura` bigint(20) UNSIGNED NOT NULL,
  `id_Docente` bigint(20) UNSIGNED NOT NULL,
  `created_at` timestamp NULL DEFAULT NULL,
  `updated_at` timestamp NULL DEFAULT NULL
) ENGINE=InnoDB DEFAULT CHARSET=utf8mb4 COLLATE=utf8mb4_unicode_ci;

--
-- Volcado de datos para la tabla `asignatura_docente`
--

INSERT INTO `asignatura_docente` (`id`, `id_Asignatura`, `id_Docente`, `created_at`, `updated_at`) VALUES
(1, 2, 82, '2024-04-29 07:27:34', '2024-04-29 07:38:19'),
(2, 2, 27, '2024-04-29 15:47:49', '2024-04-29 15:47:49'),
(3, 2, 48, '2024-04-29 15:47:49', '2024-04-29 15:47:49'),
(4, 2, 94, '2024-04-29 15:47:50', '2024-04-29 15:47:50'),
(5, 2, 65, '2024-04-29 15:47:50', '2024-04-29 15:47:50'),
(6, 2, 87, '2024-04-29 15:47:50', '2024-04-29 15:47:50'),
(7, 2, 34, '2024-04-29 15:47:50', '2024-04-29 15:47:50'),
(8, 2, 27, '2024-04-29 15:47:50', '2024-04-29 15:47:50'),
(9, 2, 45, '2024-04-29 15:47:50', '2024-04-29 15:47:50'),
(10, 2, 38, '2024-04-29 15:47:50', '2024-04-29 15:47:50'),
(11, 2, 84, '2024-04-29 15:47:50', '2024-04-29 15:47:50'),
(12, 2, 21, '2024-04-29 15:47:50', '2024-04-29 15:47:50'),
(13, 2, 40, '2024-04-29 15:47:50', '2024-04-29 15:47:50'),
(14, 2, 81, '2024-04-29 15:47:50', '2024-04-29 15:47:50'),
(15, 2, 4, '2024-04-29 15:47:50', '2024-04-29 15:47:50'),
(16, 2, 25, '2024-04-29 15:47:50', '2024-04-29 15:47:50'),
(17, 2, 83, '2024-04-29 15:47:50', '2024-04-29 15:47:50'),
(18, 2, 76, '2024-04-29 15:47:50', '2024-04-29 15:47:50'),
(19, 2, 66, '2024-04-29 15:47:50', '2024-04-29 15:47:50'),
(20, 2, 1, '2024-04-29 15:47:50', '2024-04-29 15:47:50'),
(21, 2, 56, '2024-04-29 15:47:50', '2024-04-29 15:47:50'),
(22, 2, 53, '2024-04-29 15:47:50', '2024-04-29 15:47:50'),
(23, 2, 17, '2024-04-29 15:47:50', '2024-04-29 15:47:50'),
(24, 2, 40, '2024-04-29 15:47:50', '2024-04-29 15:47:50'),
(25, 2, 1, '2024-04-29 15:47:50', '2024-04-29 15:47:50'),
(26, 2, 38, '2024-04-29 15:47:50', '2024-04-29 15:47:50'),
(27, 2, 20, '2024-04-29 15:47:50', '2024-04-29 15:47:50'),
(28, 2, 35, '2024-04-29 15:47:50', '2024-04-29 15:47:50'),
(29, 2, 2, '2024-04-29 15:47:50', '2024-04-29 15:47:50'),
(30, 2, 16, '2024-04-29 15:47:50', '2024-04-29 15:47:50'),
(31, 2, 12, '2024-04-29 15:47:50', '2024-04-29 15:47:50'),
(32, 2, 11, '2024-04-29 15:47:50', '2024-04-29 15:47:50'),
(33, 2, 80, '2024-04-29 15:47:50', '2024-04-29 15:47:50'),
(34, 2, 42, '2024-04-29 15:47:50', '2024-04-29 15:47:50'),
(35, 2, 48, '2024-04-29 15:47:50', '2024-04-29 15:47:50'),
(36, 2, 93, '2024-04-29 15:47:50', '2024-04-29 15:47:50'),
(37, 2, 30, '2024-04-29 15:47:50', '2024-04-29 15:47:50'),
(38, 2, 73, '2024-04-29 15:47:50', '2024-04-29 15:47:50'),
(39, 2, 33, '2024-04-29 15:47:50', '2024-04-29 15:47:50'),
(40, 2, 6, '2024-04-29 15:47:50', '2024-04-29 15:47:50'),
(41, 2, 14, '2024-04-29 15:47:50', '2024-04-29 15:47:50'),
(42, 2, 84, '2024-04-29 15:47:50', '2024-04-29 15:47:50'),
(43, 2, 49, '2024-04-29 15:47:50', '2024-04-29 15:47:50'),
(44, 2, 66, '2024-04-29 15:47:50', '2024-04-29 15:47:50'),
(45, 2, 40, '2024-04-29 15:47:50', '2024-04-29 15:47:50'),
(46, 2, 88, '2024-04-29 15:47:50', '2024-04-29 15:47:50'),
(47, 2, 74, '2024-04-29 15:47:50', '2024-04-29 15:47:50'),
(48, 2, 69, '2024-04-29 15:47:50', '2024-04-29 15:47:50'),
(49, 2, 62, '2024-04-29 15:47:50', '2024-04-29 15:47:50'),
(50, 2, 26, '2024-04-29 15:47:50', '2024-04-29 15:47:50'),
(51, 2, 37, '2024-04-29 15:47:50', '2024-04-29 15:47:50'),
(52, 2, 99, '2024-04-29 15:47:50', '2024-04-29 15:47:50'),
(53, 2, 33, '2024-04-29 15:47:50', '2024-04-29 15:47:50'),
(54, 2, 42, '2024-04-29 15:47:50', '2024-04-29 15:47:50'),
(55, 2, 76, '2024-04-29 15:47:50', '2024-04-29 15:47:50'),
(56, 2, 72, '2024-04-29 15:47:50', '2024-04-29 15:47:50'),
(57, 2, 25, '2024-04-29 15:47:50', '2024-04-29 15:47:50'),
(58, 2, 26, '2024-04-29 15:47:50', '2024-04-29 15:47:50'),
(59, 2, 23, '2024-04-29 15:47:50', '2024-04-29 15:47:50'),
(60, 2, 61, '2024-04-29 15:47:50', '2024-04-29 15:47:50'),
(61, 2, 77, '2024-04-29 15:47:50', '2024-04-29 15:47:50'),
(62, 2, 29, '2024-04-29 15:47:50', '2024-04-29 15:47:50'),
(63, 2, 12, '2024-04-29 15:47:50', '2024-04-29 15:47:50'),
(64, 2, 74, '2024-04-29 15:47:50', '2024-04-29 15:47:50'),
(65, 2, 88, '2024-04-29 15:47:50', '2024-04-29 15:47:50'),
(66, 2, 2, '2024-04-29 15:47:50', '2024-04-29 15:47:50'),
(67, 2, 77, '2024-04-29 15:47:50', '2024-04-29 15:47:50'),
(68, 2, 29, '2024-04-29 15:47:50', '2024-04-29 15:47:50'),
(69, 2, 73, '2024-04-29 15:47:50', '2024-04-29 15:47:50'),
(70, 2, 73, '2024-04-29 15:47:50', '2024-04-29 15:47:50'),
(71, 2, 11, '2024-04-29 15:47:50', '2024-04-29 15:47:50'),
(72, 2, 85, '2024-04-29 15:47:50', '2024-04-29 15:47:50'),
(73, 2, 43, '2024-04-29 15:47:50', '2024-04-29 15:47:50'),
(74, 2, 98, '2024-04-29 15:47:50', '2024-04-29 15:47:50'),
(75, 2, 39, '2024-04-29 15:47:50', '2024-04-29 15:47:50'),
(76, 2, 66, '2024-04-29 15:47:50', '2024-04-29 15:47:50'),
(77, 2, 15, '2024-04-29 15:47:50', '2024-04-29 15:47:50'),
(78, 2, 6, '2024-04-29 15:47:50', '2024-04-29 15:47:50'),
(79, 2, 86, '2024-04-29 15:47:50', '2024-04-29 15:47:50'),
(80, 2, 21, '2024-04-29 15:47:50', '2024-04-29 15:47:50'),
(81, 2, 10, '2024-04-29 15:47:50', '2024-04-29 15:47:50'),
(82, 2, 15, '2024-04-29 15:47:50', '2024-04-29 15:47:50'),
(83, 2, 65, '2024-04-29 15:47:50', '2024-04-29 15:47:50'),
(84, 2, 4, '2024-04-29 15:47:50', '2024-04-29 15:47:50'),
(85, 2, 59, '2024-04-29 15:47:50', '2024-04-29 15:47:50'),
(86, 2, 51, '2024-04-29 15:47:50', '2024-04-29 15:47:50'),
(87, 2, 1, '2024-04-29 15:47:50', '2024-04-29 15:47:50'),
(88, 2, 31, '2024-04-29 15:47:50', '2024-04-29 15:47:50'),
(89, 2, 18, '2024-04-29 15:47:50', '2024-04-29 15:47:50'),
(90, 2, 89, '2024-04-29 15:47:50', '2024-04-29 15:47:50'),
(91, 2, 30, '2024-04-29 15:47:50', '2024-04-29 15:47:50'),
(92, 2, 63, '2024-04-29 15:47:50', '2024-04-29 15:47:50'),
(93, 2, 80, '2024-04-29 15:47:50', '2024-04-29 15:47:50'),
(94, 2, 66, '2024-04-29 15:47:50', '2024-04-29 15:47:50'),
(95, 2, 97, '2024-04-29 15:47:50', '2024-04-29 15:47:50'),
(96, 2, 93, '2024-04-29 15:47:50', '2024-04-29 15:47:50'),
(97, 2, 36, '2024-04-29 15:47:50', '2024-04-29 15:47:50'),
(98, 2, 60, '2024-04-29 15:47:50', '2024-04-29 15:47:50'),
(99, 2, 15, '2024-04-29 15:47:50', '2024-04-29 15:47:50'),
(100, 2, 75, '2024-04-29 15:47:50', '2024-04-29 15:47:50'),
(101, 2, 20, '2024-04-29 15:47:50', '2024-04-29 15:47:50');

-- --------------------------------------------------------

--
-- Estructura de tabla para la tabla `bloque`
--

CREATE TABLE `bloque` (
  `id` bigint(20) UNSIGNED NOT NULL,
  `id_Asignatura` bigint(20) UNSIGNED NOT NULL,
  `nombre` varchar(255) NOT NULL,
  `numero` int(11) NOT NULL,
  `proposito` text NOT NULL,
  `eje` varchar(255) NOT NULL,
  `componente` text NOT NULL,
  `contenidoCentral` text NOT NULL,
  `productoIntegrador` text NOT NULL,
  `created_at` timestamp NULL DEFAULT NULL,
  `updated_at` timestamp NULL DEFAULT NULL
) ENGINE=InnoDB DEFAULT CHARSET=utf8mb4 COLLATE=utf8mb4_unicode_ci;

-- --------------------------------------------------------

--
-- Estructura de tabla para la tabla `bloque_progresion`
--

CREATE TABLE `bloque_progresion` (
  `id` bigint(20) UNSIGNED NOT NULL,
  `id_Bloque` bigint(20) UNSIGNED NOT NULL,
  `id_Progresion` bigint(20) UNSIGNED NOT NULL,
  `created_at` timestamp NULL DEFAULT NULL,
  `updated_at` timestamp NULL DEFAULT NULL
) ENGINE=InnoDB DEFAULT CHARSET=utf8mb4 COLLATE=utf8mb4_unicode_ci;

-- --------------------------------------------------------

--
-- Estructura de tabla para la tabla `cache`
--

CREATE TABLE `cache` (
  `key` varchar(255) NOT NULL,
  `value` mediumtext NOT NULL,
  `expiration` int(11) NOT NULL
) ENGINE=InnoDB DEFAULT CHARSET=utf8mb4 COLLATE=utf8mb4_unicode_ci;

--
-- Volcado de datos para la tabla `cache`
--

INSERT INTO `cache` (`key`, `value`, `expiration`) VALUES
('amante@example.com|127.0.0.1', 'i:1;', 1714368338),
('amante@example.com|127.0.0.1:timer', 'i:1714368338;', 1714368338);

-- --------------------------------------------------------

--
-- Estructura de tabla para la tabla `cache_locks`
--

CREATE TABLE `cache_locks` (
  `key` varchar(255) NOT NULL,
  `owner` varchar(255) NOT NULL,
  `expiration` int(11) NOT NULL
) ENGINE=InnoDB DEFAULT CHARSET=utf8mb4 COLLATE=utf8mb4_unicode_ci;

-- --------------------------------------------------------

--
-- Estructura de tabla para la tabla `docente`
--

CREATE TABLE `docente` (
  `id` bigint(20) UNSIGNED NOT NULL,
  `id_Usuario` bigint(20) UNSIGNED NOT NULL,
  `fechaContratacion` datetime NOT NULL,
  `fechaDimision` datetime DEFAULT NULL,
  `estatus` tinyint(1) NOT NULL,
  `created_at` timestamp NULL DEFAULT NULL,
  `updated_at` timestamp NULL DEFAULT NULL
) ENGINE=InnoDB DEFAULT CHARSET=utf8mb4 COLLATE=utf8mb4_unicode_ci;

--
-- Volcado de datos para la tabla `docente`
--

INSERT INTO `docente` (`id`, `id_Usuario`, `fechaContratacion`, `fechaDimision`, `estatus`, `created_at`, `updated_at`) VALUES
(1, 2, '2006-06-20 22:08:36', '2015-04-08 08:54:16', 1, '2024-04-29 07:26:22', '2024-04-29 07:26:22'),
(2, 2, '2012-09-18 17:40:18', '2015-09-23 21:06:52', 1, '2024-04-29 07:26:22', '2024-04-29 07:26:22'),
(3, 8, '2006-10-15 15:31:50', NULL, 1, '2024-04-29 07:26:22', '2024-04-29 07:26:22'),
(4, 2, '2007-10-02 02:21:28', NULL, 1, '2024-04-29 07:26:22', '2024-04-29 07:26:22'),
(5, 2, '2012-12-19 01:26:34', '2026-04-07 05:52:26', 1, '2024-04-29 07:26:22', '2024-04-29 07:26:22'),
(6, 3, '2009-01-16 15:02:04', '2025-02-24 23:30:19', 0, '2024-04-29 07:26:22', '2024-04-29 07:26:22'),
(7, 8, '2016-11-13 06:00:57', NULL, 0, '2024-04-29 07:26:22', '2024-04-29 07:26:22'),
(8, 2, '2021-07-24 13:53:03', NULL, 1, '2024-04-29 07:26:22', '2024-04-29 07:26:22'),
(9, 3, '2015-02-28 02:37:52', NULL, 0, '2024-04-29 07:26:22', '2024-04-29 07:26:22'),
(10, 2, '2010-08-07 10:20:23', NULL, 0, '2024-04-29 07:26:22', '2024-04-29 07:26:22'),
(11, 8, '2009-11-23 18:27:19', NULL, 0, '2024-04-29 07:26:22', '2024-04-29 07:26:22'),
(12, 3, '2006-07-13 01:15:11', NULL, 1, '2024-04-29 07:26:22', '2024-04-29 07:26:22'),
(13, 3, '2024-03-12 01:38:32', NULL, 0, '2024-04-29 07:26:22', '2024-04-29 07:26:22'),
(14, 2, '2013-02-28 14:47:01', '2019-03-24 00:06:06', 1, '2024-04-29 07:26:22', '2024-04-29 07:26:22'),
(15, 3, '2006-02-03 01:00:40', NULL, 0, '2024-04-29 07:26:22', '2024-04-29 07:26:22'),
(16, 8, '2017-04-23 08:38:38', NULL, 1, '2024-04-29 07:26:22', '2024-04-29 07:26:22'),
(17, 3, '2022-06-12 17:59:57', NULL, 0, '2024-04-29 07:26:22', '2024-04-29 07:26:22'),
(18, 2, '2022-01-07 07:37:55', '2022-06-21 12:51:29', 1, '2024-04-29 07:26:22', '2024-04-29 07:26:22'),
(19, 2, '2009-08-19 10:13:09', NULL, 0, '2024-04-29 07:26:22', '2024-04-29 07:26:22'),
(20, 2, '2007-10-31 03:44:18', '2023-10-01 05:27:59', 1, '2024-04-29 07:26:22', '2024-04-29 07:26:22'),
(21, 3, '2021-11-14 10:27:38', '2022-02-20 18:02:41', 0, '2024-04-29 07:26:22', '2024-04-29 07:26:22'),
(22, 2, '2010-06-08 22:08:06', '2011-01-23 04:58:39', 0, '2024-04-29 07:26:22', '2024-04-29 07:26:22'),
(23, 3, '2016-08-15 12:43:17', '2019-10-29 17:08:16', 1, '2024-04-29 07:26:22', '2024-04-29 07:26:22'),
(24, 2, '2020-02-26 16:04:23', NULL, 1, '2024-04-29 07:26:22', '2024-04-29 07:26:22'),
(25, 2, '2011-09-23 13:01:19', NULL, 0, '2024-04-29 07:26:22', '2024-04-29 07:26:22'),
(26, 8, '2019-12-24 08:55:17', '2026-09-25 10:36:53', 0, '2024-04-29 07:26:22', '2024-04-29 07:26:22'),
(27, 3, '2021-08-01 23:50:34', '2021-11-15 13:38:55', 0, '2024-04-29 07:26:22', '2024-04-29 07:26:22'),
(28, 8, '2004-11-29 01:17:03', '2022-03-30 07:25:47', 0, '2024-04-29 07:26:22', '2024-04-29 07:26:22'),
(29, 2, '2007-01-22 18:47:03', '2021-06-07 23:51:23', 1, '2024-04-29 07:26:22', '2024-04-29 07:26:22'),
(30, 8, '2016-06-27 20:07:14', '2020-12-13 12:43:26', 0, '2024-04-29 07:26:22', '2024-04-29 07:26:22'),
(31, 2, '2020-07-23 22:39:32', NULL, 1, '2024-04-29 07:26:22', '2024-04-29 07:26:22'),
(32, 2, '2021-02-02 14:53:42', NULL, 0, '2024-04-29 07:26:22', '2024-04-29 07:26:22'),
(33, 3, '2011-04-29 11:14:38', NULL, 1, '2024-04-29 07:26:22', '2024-04-29 07:26:22'),
(34, 2, '2022-04-15 02:22:56', NULL, 0, '2024-04-29 07:26:22', '2024-04-29 07:26:22'),
(35, 3, '2015-06-17 21:00:17', NULL, 0, '2024-04-29 07:26:22', '2024-04-29 07:26:22'),
(36, 2, '2009-02-04 00:47:35', '2015-05-04 04:07:27', 0, '2024-04-29 07:26:22', '2024-04-29 07:26:22'),
(37, 8, '2007-09-24 00:39:58', '2021-05-24 18:17:41', 1, '2024-04-29 07:26:22', '2024-04-29 07:26:22'),
(38, 3, '2018-10-20 15:49:40', '2022-07-02 03:24:15', 1, '2024-04-29 07:26:22', '2024-04-29 07:26:22'),
(39, 2, '2009-09-22 06:10:26', NULL, 1, '2024-04-29 07:26:22', '2024-04-29 07:26:22'),
(40, 2, '2012-05-18 11:20:22', NULL, 0, '2024-04-29 07:26:22', '2024-04-29 07:26:22'),
(41, 2, '2022-02-20 23:29:03', NULL, 0, '2024-04-29 07:26:22', '2024-04-29 07:26:22'),
(42, 2, '2013-04-26 20:40:31', '2024-01-19 00:26:18', 1, '2024-04-29 07:26:22', '2024-04-29 07:26:22'),
(43, 3, '2021-08-31 02:29:20', '2027-01-28 00:43:13', 1, '2024-04-29 07:26:22', '2024-04-29 07:26:22'),
(44, 3, '2023-01-21 22:04:56', NULL, 1, '2024-04-29 07:26:22', '2024-04-29 07:26:22'),
(45, 8, '2004-05-16 03:06:59', '2026-10-13 02:09:03', 1, '2024-04-29 07:26:22', '2024-04-29 07:26:22'),
(46, 8, '2014-05-21 19:47:09', '2015-10-12 20:42:53', 0, '2024-04-29 07:26:22', '2024-04-29 07:26:22'),
(47, 2, '2021-09-15 15:59:49', NULL, 0, '2024-04-29 07:26:22', '2024-04-29 07:26:22'),
(48, 8, '2021-09-30 23:04:22', NULL, 1, '2024-04-29 07:26:22', '2024-04-29 07:26:22'),
(49, 2, '2012-02-11 03:46:31', '2014-06-27 21:57:40', 1, '2024-04-29 07:26:22', '2024-04-29 07:26:22'),
(50, 2, '2023-08-29 07:23:38', NULL, 0, '2024-04-29 07:26:22', '2024-04-29 07:26:22'),
(51, 8, '2008-03-30 19:16:02', '2022-11-30 11:53:36', 0, '2024-04-29 07:26:22', '2024-04-29 07:26:22'),
(52, 3, '2017-06-21 12:23:11', '2021-11-08 09:15:06', 1, '2024-04-29 07:26:22', '2024-04-29 07:26:22'),
(53, 2, '2012-07-23 17:00:17', NULL, 1, '2024-04-29 07:26:22', '2024-04-29 07:26:22'),
(54, 3, '2018-04-20 12:27:02', '2020-10-29 13:03:57', 0, '2024-04-29 07:26:22', '2024-04-29 07:26:22'),
(55, 2, '2021-12-13 12:09:37', NULL, 0, '2024-04-29 07:26:22', '2024-04-29 07:26:22'),
(56, 2, '2005-02-02 11:04:21', '2017-07-24 01:35:15', 0, '2024-04-29 07:26:22', '2024-04-29 07:26:22'),
(57, 3, '2008-01-29 16:33:05', NULL, 0, '2024-04-29 07:26:22', '2024-04-29 07:26:22'),
(58, 8, '2009-05-13 06:40:33', '2022-01-15 09:31:23', 0, '2024-04-29 07:26:22', '2024-04-29 07:26:22'),
(59, 3, '2009-09-09 07:29:40', NULL, 1, '2024-04-29 07:26:22', '2024-04-29 07:26:22'),
(60, 2, '2012-05-26 10:47:44', '2023-05-12 01:09:32', 0, '2024-04-29 07:26:22', '2024-04-29 07:26:22'),
(61, 2, '2024-02-16 06:00:14', '2025-09-16 01:29:26', 0, '2024-04-29 07:26:22', '2024-04-29 07:26:22'),
(62, 2, '2020-09-05 21:59:00', '2023-11-21 04:26:37', 1, '2024-04-29 07:26:22', '2024-04-29 07:26:22'),
(63, 8, '2016-02-15 21:43:03', '2026-02-21 19:02:53', 1, '2024-04-29 07:26:22', '2024-04-29 07:26:22'),
(64, 2, '2013-01-28 00:11:54', '2013-07-08 09:00:10', 1, '2024-04-29 07:26:22', '2024-04-29 07:26:22'),
(65, 8, '2005-08-03 01:28:20', NULL, 0, '2024-04-29 07:26:22', '2024-04-29 07:26:22'),
(66, 2, '2011-01-28 07:29:31', NULL, 1, '2024-04-29 07:26:22', '2024-04-29 07:26:22'),
(67, 8, '2004-05-12 01:40:17', NULL, 0, '2024-04-29 07:26:22', '2024-04-29 07:26:22'),
(68, 8, '2016-06-29 01:20:43', '2020-04-13 10:05:18', 1, '2024-04-29 07:26:22', '2024-04-29 07:26:22'),
(69, 2, '2005-08-08 05:07:49', '2008-12-18 14:52:49', 0, '2024-04-29 07:26:22', '2024-04-29 07:26:22'),
(70, 3, '2013-09-29 20:28:03', NULL, 1, '2024-04-29 07:26:22', '2024-04-29 07:26:22'),
(71, 3, '2017-05-25 13:32:02', '2017-08-04 22:56:14', 1, '2024-04-29 07:26:22', '2024-04-29 07:26:22'),
(72, 8, '2007-10-02 10:01:38', NULL, 1, '2024-04-29 07:26:22', '2024-04-29 07:26:22'),
(73, 8, '2017-04-06 15:04:35', NULL, 0, '2024-04-29 07:26:22', '2024-04-29 07:26:22'),
(74, 8, '2018-08-24 18:32:21', NULL, 1, '2024-04-29 07:26:22', '2024-04-29 07:26:22'),
(75, 2, '2005-07-20 11:04:20', NULL, 1, '2024-04-29 07:26:22', '2024-04-29 07:26:22'),
(76, 3, '2016-08-09 12:59:40', '2021-02-18 21:06:02', 0, '2024-04-29 07:26:22', '2024-04-29 07:26:22'),
(77, 8, '2013-12-13 11:50:08', NULL, 0, '2024-04-29 07:26:22', '2024-04-29 07:26:22'),
(78, 3, '2015-03-17 10:33:40', NULL, 0, '2024-04-29 07:26:22', '2024-04-29 07:26:22'),
(79, 2, '2004-08-14 21:05:55', NULL, 1, '2024-04-29 07:26:22', '2024-04-29 07:26:22'),
(80, 2, '2010-09-29 18:50:33', '2013-03-24 19:06:25', 1, '2024-04-29 07:26:22', '2024-04-29 07:26:22'),
(81, 2, '2018-03-07 14:06:29', '2019-08-13 07:05:05', 0, '2024-04-29 07:26:22', '2024-04-29 07:26:22'),
(82, 8, '2021-03-10 02:48:05', NULL, 1, '2024-04-29 07:26:22', '2024-04-29 07:26:22'),
(83, 3, '2012-07-03 08:11:15', NULL, 0, '2024-04-29 07:26:22', '2024-04-29 07:26:22'),
(84, 2, '2004-12-29 22:39:23', NULL, 0, '2024-04-29 07:26:22', '2024-04-29 07:26:22'),
(85, 3, '2005-01-01 16:27:34', '2009-10-17 22:07:24', 1, '2024-04-29 07:26:22', '2024-04-29 07:26:22'),
(86, 3, '2018-10-22 13:40:07', NULL, 1, '2024-04-29 07:26:22', '2024-04-29 07:26:22'),
(87, 8, '2020-10-27 03:49:12', NULL, 0, '2024-04-29 07:26:22', '2024-04-29 07:26:22'),
(88, 3, '2019-07-02 10:25:01', NULL, 0, '2024-04-29 07:26:22', '2024-04-29 07:26:22'),
(89, 8, '2021-07-02 03:03:51', '2023-11-29 23:12:49', 0, '2024-04-29 07:26:22', '2024-04-29 07:26:22'),
(90, 3, '2013-04-06 04:17:33', '2018-11-19 22:32:00', 0, '2024-04-29 07:26:22', '2024-04-29 07:26:22'),
(91, 2, '2007-10-10 06:10:50', NULL, 1, '2024-04-29 07:26:22', '2024-04-29 07:26:22'),
(92, 8, '2017-10-27 21:21:42', '2023-08-18 15:32:13', 0, '2024-04-29 07:26:22', '2024-04-29 07:26:22'),
(93, 3, '2005-04-02 19:47:16', '2013-07-04 10:39:39', 1, '2024-04-29 07:26:22', '2024-04-29 07:26:22'),
(94, 2, '2021-12-16 20:23:45', NULL, 1, '2024-04-29 07:26:22', '2024-04-29 07:26:22'),
(95, 8, '2013-04-29 09:41:53', '2021-04-11 22:54:20', 1, '2024-04-29 07:26:22', '2024-04-29 07:26:22'),
(96, 2, '2013-07-30 17:36:35', NULL, 0, '2024-04-29 07:26:22', '2024-04-29 07:26:22'),
(97, 8, '2011-06-04 10:38:34', NULL, 1, '2024-04-29 07:26:22', '2024-04-29 07:26:22'),
(98, 8, '2014-04-04 13:47:05', NULL, 0, '2024-04-29 07:26:22', '2024-04-29 07:26:22'),
(99, 8, '2019-04-02 18:10:32', NULL, 0, '2024-04-29 07:26:22', '2024-04-29 07:26:22'),
(100, 2, '2021-12-17 11:11:05', NULL, 0, '2024-04-29 07:26:22', '2024-04-29 07:26:22');

-- --------------------------------------------------------

--
-- Estructura de tabla para la tabla `evaluacion`
--

CREATE TABLE `evaluacion` (
  `id` bigint(20) UNSIGNED NOT NULL,
  `actividadAprendizaje` varchar(255) NOT NULL,
  `tipoEvaluacion` enum('Rúbrica','Lista de cotejo','Guía de observación') NOT NULL,
  `archivoEjemplo` varchar(255) DEFAULT NULL,
  `created_at` timestamp NULL DEFAULT NULL,
  `updated_at` timestamp NULL DEFAULT NULL
) ENGINE=InnoDB DEFAULT CHARSET=utf8mb4 COLLATE=utf8mb4_unicode_ci;

--
-- Volcado de datos para la tabla `evaluacion`
--

INSERT INTO `evaluacion` (`id`, `actividadAprendizaje`, `tipoEvaluacion`, `archivoEjemplo`, `created_at`, `updated_at`) VALUES
(2, 'Hola2', 'Rúbrica', 'Ejemplo2', '2024-04-29 03:08:43', '2024-04-29 03:08:43'),
(3, 'Exposición', 'Lista de cotejo', 'https://via.placeholder.com/640x480.png/008822?text=voluptas', '2024-04-29 03:11:13', '2024-04-29 03:11:13'),
(4, 'Mapa mental', 'Lista de cotejo', 'https://via.placeholder.com/640x480.png/0088cc?text=labore', '2024-04-29 03:11:13', '2024-04-29 03:11:13'),
(5, 'Mapa conceptual', 'Rúbrica', 'https://via.placeholder.com/640x480.png/0000aa?text=dolorem', '2024-04-29 03:11:13', '2024-04-29 03:11:13'),
(6, 'Examen', 'Lista de cotejo', NULL, '2024-04-29 03:11:13', '2024-04-29 03:11:13'),
(7, 'Exposición', 'Lista de cotejo', NULL, '2024-04-29 03:11:13', '2024-04-29 03:11:13'),
(8, 'Cuadro comparativo', 'Rúbrica', 'https://via.placeholder.com/640x480.png/000011?text=vitae', '2024-04-29 03:11:13', '2024-04-29 03:11:13'),
(9, 'Cuadro sinóptico', 'Rúbrica', NULL, '2024-04-29 03:11:13', '2024-04-29 03:11:13'),
(10, 'Cuadro sinóptico', 'Lista de cotejo', 'https://via.placeholder.com/640x480.png/0022cc?text=dolorem', '2024-04-29 03:11:13', '2024-04-29 03:11:13'),
(11, 'Mapa conceptual', 'Rúbrica', NULL, '2024-04-29 03:11:13', '2024-04-29 03:11:13'),
(12, 'Cuadro sinóptico', 'Lista de cotejo', 'https://via.placeholder.com/640x480.png/00cc99?text=placeat', '2024-04-29 03:11:13', '2024-04-29 03:11:13'),
(13, 'Examen', 'Rúbrica', NULL, '2024-04-29 03:11:13', '2024-04-29 03:11:13'),
(14, 'Mapa conceptual', 'Lista de cotejo', 'https://via.placeholder.com/640x480.png/0011aa?text=enim', '2024-04-29 03:11:13', '2024-04-29 03:11:13'),
(15, 'Examen', 'Rúbrica', 'https://via.placeholder.com/640x480.png/00aa55?text=esse', '2024-04-29 03:11:13', '2024-04-29 03:11:13'),
(16, 'Exposición', 'Lista de cotejo', 'https://via.placeholder.com/640x480.png/0099bb?text=libero', '2024-04-29 03:11:13', '2024-04-29 03:11:13'),
(17, 'Examen', 'Rúbrica', 'https://via.placeholder.com/640x480.png/00ccee?text=repudiandae', '2024-04-29 03:11:13', '2024-04-29 03:11:13'),
(18, 'Cuadro sinóptico', 'Guía de observación', NULL, '2024-04-29 03:11:13', '2024-04-29 03:11:13'),
(19, 'Mapa mental', 'Lista de cotejo', NULL, '2024-04-29 03:11:13', '2024-04-29 03:11:13'),
(20, 'Mapa conceptual', 'Lista de cotejo', 'https://via.placeholder.com/640x480.png/0033ff?text=harum', '2024-04-29 03:11:13', '2024-04-29 03:11:13'),
(21, 'Cuadro comparativo', 'Guía de observación', NULL, '2024-04-29 03:11:13', '2024-04-29 03:11:13'),
(22, 'Exposición', 'Rúbrica', NULL, '2024-04-29 03:11:13', '2024-04-29 03:11:13'),
(23, 'Examen', 'Lista de cotejo', 'https://via.placeholder.com/640x480.png/003333?text=nisi', '2024-04-29 03:11:13', '2024-04-29 03:11:13'),
(24, 'Examen', 'Rúbrica', 'https://via.placeholder.com/640x480.png/005511?text=harum', '2024-04-29 03:11:13', '2024-04-29 03:11:13'),
(25, 'Mapa mental', 'Guía de observación', NULL, '2024-04-29 03:11:13', '2024-04-29 03:11:13'),
(26, 'Cuadro comparativo', 'Guía de observación', 'https://via.placeholder.com/640x480.png/00ff88?text=et', '2024-04-29 03:11:13', '2024-04-29 03:11:13'),
(27, 'Examen', 'Rúbrica', 'https://via.placeholder.com/640x480.png/005588?text=excepturi', '2024-04-29 03:11:13', '2024-04-29 03:11:13'),
(28, 'Cuadro sinóptico', 'Lista de cotejo', NULL, '2024-04-29 03:11:13', '2024-04-29 03:11:13'),
(29, 'Examen', 'Lista de cotejo', 'https://via.placeholder.com/640x480.png/0099ee?text=adipisci', '2024-04-29 03:11:13', '2024-04-29 03:11:13'),
(30, 'Mapa conceptual', 'Rúbrica', 'https://via.placeholder.com/640x480.png/007755?text=et', '2024-04-29 03:11:13', '2024-04-29 03:11:13'),
(31, 'Mapa conceptual', 'Guía de observación', NULL, '2024-04-29 03:11:13', '2024-04-29 03:11:13'),
(32, 'Cuadro sinóptico', 'Guía de observación', NULL, '2024-04-29 03:11:13', '2024-04-29 03:11:13'),
(33, 'Cuadro comparativo', 'Guía de observación', NULL, '2024-04-29 03:11:13', '2024-04-29 03:11:13'),
(34, 'Mapa mental', 'Guía de observación', NULL, '2024-04-29 03:11:13', '2024-04-29 03:11:13'),
(35, 'Cuadro comparativo', 'Rúbrica', NULL, '2024-04-29 03:11:13', '2024-04-29 03:11:13'),
(36, 'Examen', 'Guía de observación', 'https://via.placeholder.com/640x480.png/0099bb?text=dolores', '2024-04-29 03:11:13', '2024-04-29 03:11:13'),
(37, 'Exposición', 'Lista de cotejo', 'https://via.placeholder.com/640x480.png/00ff00?text=repellendus', '2024-04-29 03:11:13', '2024-04-29 03:11:13'),
(38, 'Mapa mental', 'Rúbrica', NULL, '2024-04-29 03:11:13', '2024-04-29 03:11:13'),
(39, 'Mapa conceptual', 'Guía de observación', NULL, '2024-04-29 03:11:13', '2024-04-29 03:11:13'),
(40, 'Mapa conceptual', 'Rúbrica', 'https://via.placeholder.com/640x480.png/001133?text=itaque', '2024-04-29 03:11:13', '2024-04-29 03:11:13'),
(41, 'Cuadro comparativo', 'Lista de cotejo', 'https://via.placeholder.com/640x480.png/0066aa?text=ab', '2024-04-29 03:11:13', '2024-04-29 03:11:13'),
(42, 'Cuadro comparativo', 'Rúbrica', 'https://via.placeholder.com/640x480.png/00dd88?text=aut', '2024-04-29 03:11:13', '2024-04-29 03:11:13'),
(43, 'Cuadro sinóptico', 'Lista de cotejo', NULL, '2024-04-29 03:11:13', '2024-04-29 03:11:13'),
(44, 'Examen', 'Lista de cotejo', 'https://via.placeholder.com/640x480.png/007755?text=ab', '2024-04-29 03:11:13', '2024-04-29 03:11:13'),
(45, 'Exposición', 'Lista de cotejo', 'https://via.placeholder.com/640x480.png/0088aa?text=aut', '2024-04-29 03:11:13', '2024-04-29 03:11:13'),
(46, 'Cuadro sinóptico', 'Lista de cotejo', 'https://via.placeholder.com/640x480.png/0055bb?text=enim', '2024-04-29 03:11:13', '2024-04-29 03:11:13'),
(47, 'Mapa conceptual', 'Lista de cotejo', 'https://via.placeholder.com/640x480.png/00aabb?text=neque', '2024-04-29 03:11:13', '2024-04-29 03:11:13'),
(48, 'Exposición', 'Guía de observación', NULL, '2024-04-29 03:11:13', '2024-04-29 03:11:13'),
(49, 'Mapa conceptual', 'Rúbrica', 'https://via.placeholder.com/640x480.png/00bbdd?text=et', '2024-04-29 03:11:13', '2024-04-29 03:11:13'),
(50, 'Cuadro sinóptico', 'Guía de observación', 'https://via.placeholder.com/640x480.png/006688?text=consequatur', '2024-04-29 03:11:13', '2024-04-29 03:11:13'),
(51, 'Cuadro comparativo', 'Lista de cotejo', NULL, '2024-04-29 03:11:13', '2024-04-29 03:11:13'),
(52, 'Cuadro comparativo', 'Rúbrica', 'https://via.placeholder.com/640x480.png/0088dd?text=enim', '2024-04-29 03:11:13', '2024-04-29 03:11:13'),
(53, 'Mapa conceptual', 'Lista de cotejo', NULL, '2024-04-29 03:11:13', '2024-04-29 03:11:13'),
(54, 'Exposición', 'Lista de cotejo', 'https://via.placeholder.com/640x480.png/00ffbb?text=et', '2024-04-29 03:11:13', '2024-04-29 03:11:13'),
(55, 'Examen', 'Rúbrica', 'https://via.placeholder.com/640x480.png/00dd00?text=quia', '2024-04-29 03:11:13', '2024-04-29 03:11:13'),
(56, 'Mapa mental', 'Lista de cotejo', NULL, '2024-04-29 03:11:13', '2024-04-29 03:11:13'),
(57, 'Mapa conceptual', 'Guía de observación', NULL, '2024-04-29 03:11:13', '2024-04-29 03:11:13'),
(58, 'Cuadro comparativo', 'Lista de cotejo', NULL, '2024-04-29 03:11:13', '2024-04-29 03:11:13'),
(59, 'Cuadro sinóptico', 'Lista de cotejo', NULL, '2024-04-29 03:11:13', '2024-04-29 03:11:13'),
(60, 'Exposición', 'Guía de observación', 'https://via.placeholder.com/640x480.png/004422?text=similique', '2024-04-29 03:11:13', '2024-04-29 03:11:13'),
(61, 'Cuadro sinóptico', 'Rúbrica', NULL, '2024-04-29 03:11:13', '2024-04-29 03:11:13'),
(62, 'Cuadro sinóptico', 'Lista de cotejo', 'https://via.placeholder.com/640x480.png/005577?text=officiis', '2024-04-29 03:11:13', '2024-04-29 03:11:13'),
(63, 'Exposición', 'Lista de cotejo', NULL, '2024-04-29 03:11:13', '2024-04-29 03:11:13'),
(64, 'Cuadro sinóptico', 'Lista de cotejo', 'https://via.placeholder.com/640x480.png/007788?text=reiciendis', '2024-04-29 03:11:13', '2024-04-29 03:11:13'),
(65, 'Cuadro comparativo', 'Guía de observación', 'https://via.placeholder.com/640x480.png/003377?text=beatae', '2024-04-29 03:11:13', '2024-04-29 03:11:13'),
(66, 'Mapa mental', 'Lista de cotejo', NULL, '2024-04-29 03:11:13', '2024-04-29 03:11:13'),
(67, 'Mapa mental', 'Lista de cotejo', 'https://via.placeholder.com/640x480.png/009988?text=dignissimos', '2024-04-29 03:11:13', '2024-04-29 03:11:13'),
(68, 'Mapa conceptual', 'Guía de observación', 'https://via.placeholder.com/640x480.png/00cc44?text=dolor', '2024-04-29 03:11:13', '2024-04-29 03:11:13'),
(69, 'Cuadro sinóptico', 'Lista de cotejo', NULL, '2024-04-29 03:11:13', '2024-04-29 03:11:13'),
(70, 'Mapa mental', 'Guía de observación', NULL, '2024-04-29 03:11:13', '2024-04-29 03:11:13'),
(71, 'Mapa conceptual', 'Guía de observación', NULL, '2024-04-29 03:11:13', '2024-04-29 03:11:13'),
(72, 'Exposición', 'Rúbrica', NULL, '2024-04-29 03:11:13', '2024-04-29 03:11:13'),
(73, 'Mapa mental', 'Lista de cotejo', 'https://via.placeholder.com/640x480.png/00aa77?text=quisquam', '2024-04-29 03:11:13', '2024-04-29 03:11:13'),
(74, 'Examen', 'Rúbrica', NULL, '2024-04-29 03:11:13', '2024-04-29 03:11:13'),
(75, 'Mapa mental', 'Lista de cotejo', 'https://via.placeholder.com/640x480.png/006699?text=laboriosam', '2024-04-29 03:11:13', '2024-04-29 03:11:13'),
(76, 'Examen', 'Rúbrica', NULL, '2024-04-29 03:11:13', '2024-04-29 03:11:13'),
(77, 'Mapa mental', 'Guía de observación', NULL, '2024-04-29 03:11:13', '2024-04-29 03:11:13'),
(78, 'Cuadro sinóptico', 'Lista de cotejo', 'https://via.placeholder.com/640x480.png/005555?text=incidunt', '2024-04-29 03:11:13', '2024-04-29 03:11:13'),
(79, 'Mapa mental', 'Lista de cotejo', NULL, '2024-04-29 03:11:13', '2024-04-29 03:11:13'),
(80, 'Cuadro sinóptico', 'Guía de observación', NULL, '2024-04-29 03:11:13', '2024-04-29 03:11:13'),
(81, 'Examen', 'Rúbrica', 'https://via.placeholder.com/640x480.png/008899?text=dolorem', '2024-04-29 03:11:13', '2024-04-29 03:11:13'),
(82, 'Mapa conceptual', 'Rúbrica', NULL, '2024-04-29 03:11:13', '2024-04-29 03:11:13'),
(83, 'Exposición', 'Guía de observación', 'https://via.placeholder.com/640x480.png/0044bb?text=rem', '2024-04-29 03:11:13', '2024-04-29 03:11:13'),
(84, 'Examen', 'Rúbrica', NULL, '2024-04-29 03:11:13', '2024-04-29 03:11:13'),
(85, 'Mapa conceptual', 'Rúbrica', NULL, '2024-04-29 03:11:13', '2024-04-29 03:11:13'),
(86, 'Mapa conceptual', 'Guía de observación', NULL, '2024-04-29 03:11:13', '2024-04-29 03:11:13'),
(87, 'Mapa mental', 'Rúbrica', NULL, '2024-04-29 03:11:13', '2024-04-29 03:11:13'),
(88, 'Mapa conceptual', 'Lista de cotejo', 'https://via.placeholder.com/640x480.png/00bb88?text=excepturi', '2024-04-29 03:11:13', '2024-04-29 03:11:13'),
(89, 'Cuadro comparativo', 'Rúbrica', 'https://via.placeholder.com/640x480.png/0044aa?text=rerum', '2024-04-29 03:11:13', '2024-04-29 03:11:13'),
(90, 'Mapa conceptual', 'Rúbrica', 'https://via.placeholder.com/640x480.png/00bb55?text=voluptate', '2024-04-29 03:11:13', '2024-04-29 03:11:13'),
(91, 'Mapa mental', 'Guía de observación', NULL, '2024-04-29 03:11:13', '2024-04-29 03:11:13'),
(92, 'Exposición', 'Lista de cotejo', 'https://via.placeholder.com/640x480.png/007711?text=voluptate', '2024-04-29 03:11:13', '2024-04-29 03:11:13'),
(93, 'Exposición', 'Rúbrica', NULL, '2024-04-29 03:11:13', '2024-04-29 03:11:13'),
(94, 'Cuadro comparativo', 'Rúbrica', 'https://via.placeholder.com/640x480.png/002277?text=nostrum', '2024-04-29 03:11:13', '2024-04-29 03:11:13'),
(95, 'Mapa conceptual', 'Guía de observación', 'https://via.placeholder.com/640x480.png/0044ff?text=ut', '2024-04-29 03:11:13', '2024-04-29 03:11:13'),
(96, 'Examen', 'Rúbrica', 'https://via.placeholder.com/640x480.png/005566?text=expedita', '2024-04-29 03:11:13', '2024-04-29 03:11:13'),
(97, 'Examen', 'Guía de observación', NULL, '2024-04-29 03:11:13', '2024-04-29 03:11:13'),
(98, 'Mapa mental', 'Lista de cotejo', 'https://via.placeholder.com/640x480.png/001155?text=quos', '2024-04-29 03:11:13', '2024-04-29 03:11:13'),
(99, 'Mapa mental', 'Guía de observación', 'https://via.placeholder.com/640x480.png/0055ff?text=voluptatem', '2024-04-29 03:11:13', '2024-04-29 03:11:13'),
(100, 'Cuadro comparativo', 'Lista de cotejo', NULL, '2024-04-29 03:11:13', '2024-04-29 03:11:13'),
(101, 'Mapa mental', 'Lista de cotejo', 'https://via.placeholder.com/640x480.png/0055ff?text=commodi', '2024-04-29 03:11:13', '2024-04-29 03:11:13'),
(102, 'Examen', 'Guía de observación', 'https://via.placeholder.com/640x480.png/00bbbb?text=ea', '2024-04-29 03:11:13', '2024-04-29 03:11:13'),
(103, 'Hola3', 'Rúbrica', 'Ejemplo3', '2024-04-29 03:11:45', '2024-04-29 03:11:45'),
(104, 'Hola3', 'Rúbrica', 'Ejemplo3', '2024-04-29 03:11:56', '2024-04-29 03:11:56');

-- --------------------------------------------------------

--
-- Estructura de tabla para la tabla `failed_jobs`
--

CREATE TABLE `failed_jobs` (
  `id` bigint(20) UNSIGNED NOT NULL,
  `uuid` varchar(255) NOT NULL,
  `connection` text NOT NULL,
  `queue` text NOT NULL,
  `payload` longtext NOT NULL,
  `exception` longtext NOT NULL,
  `failed_at` timestamp NOT NULL DEFAULT current_timestamp()
) ENGINE=InnoDB DEFAULT CHARSET=utf8mb4 COLLATE=utf8mb4_unicode_ci;

-- --------------------------------------------------------

--
-- Estructura de tabla para la tabla `grupo`
--

CREATE TABLE `grupo` (
  `id` bigint(20) UNSIGNED NOT NULL,
  `id_Asignatura_Docente` bigint(20) UNSIGNED NOT NULL,
  `id_Periodo` bigint(20) UNSIGNED NOT NULL,
  `semestre` enum('Primero','Segundo','Tercero','Cuarto','Quinto','Sexto') NOT NULL,
  `created_at` timestamp NULL DEFAULT NULL,
  `updated_at` timestamp NULL DEFAULT NULL
) ENGINE=InnoDB DEFAULT CHARSET=utf8mb4 COLLATE=utf8mb4_unicode_ci;

--
-- Volcado de datos para la tabla `grupo`
--

INSERT INTO `grupo` (`id`, `id_Asignatura_Docente`, `id_Periodo`, `semestre`, `created_at`, `updated_at`) VALUES
(1, 1, 79, 'Quinto', '2024-04-29 07:27:34', '2024-04-29 07:38:19'),
(4, 1, 84, 'Cuarto', '2024-04-29 07:28:56', '2024-04-29 07:28:56'),
(6, 1, 83, 'Segundo', '2024-04-29 07:28:56', '2024-04-29 07:28:56'),
(7, 1, 60, 'Sexto', '2024-04-29 07:28:56', '2024-04-29 07:28:56'),
(8, 1, 38, 'Quinto', '2024-04-29 07:28:56', '2024-04-29 07:28:56'),
(9, 1, 1, 'Quinto', '2024-04-29 07:28:56', '2024-04-29 07:28:56'),
(10, 1, 89, 'Segundo', '2024-04-29 07:28:56', '2024-04-29 07:28:56'),
(11, 1, 60, 'Cuarto', '2024-04-29 07:28:56', '2024-04-29 07:28:56'),
(12, 1, 101, 'Quinto', '2024-04-29 07:28:56', '2024-04-29 07:28:56'),
(13, 1, 79, 'Tercero', '2024-04-29 07:28:56', '2024-04-29 07:28:56'),
(14, 1, 25, 'Quinto', '2024-04-29 07:28:56', '2024-04-29 07:28:56'),
(15, 1, 89, 'Segundo', '2024-04-29 07:28:56', '2024-04-29 07:28:56'),
(16, 1, 64, 'Tercero', '2024-04-29 07:28:56', '2024-04-29 07:28:56'),
(17, 1, 48, 'Primero', '2024-04-29 07:28:56', '2024-04-29 07:28:56'),
(18, 1, 50, 'Sexto', '2024-04-29 07:28:56', '2024-04-29 07:28:56'),
(19, 1, 54, 'Primero', '2024-04-29 07:28:56', '2024-04-29 07:28:56'),
(20, 1, 57, 'Quinto', '2024-04-29 07:28:56', '2024-04-29 07:28:56'),
(21, 1, 75, 'Tercero', '2024-04-29 07:28:56', '2024-04-29 07:28:56'),
(22, 1, 43, 'Tercero', '2024-04-29 07:28:56', '2024-04-29 07:28:56'),
(23, 1, 87, 'Tercero', '2024-04-29 07:28:56', '2024-04-29 07:28:56'),
(24, 1, 75, 'Quinto', '2024-04-29 07:28:56', '2024-04-29 07:28:56'),
(25, 1, 50, 'Cuarto', '2024-04-29 07:28:56', '2024-04-29 07:28:56'),
(26, 1, 85, 'Tercero', '2024-04-29 07:28:56', '2024-04-29 07:28:56'),
(27, 1, 40, 'Primero', '2024-04-29 07:28:56', '2024-04-29 07:28:56'),
(28, 1, 64, 'Cuarto', '2024-04-29 07:28:56', '2024-04-29 07:28:56'),
(29, 1, 44, 'Cuarto', '2024-04-29 07:28:56', '2024-04-29 07:28:56'),
(30, 1, 50, 'Primero', '2024-04-29 07:28:56', '2024-04-29 07:28:56'),
(31, 1, 8, 'Tercero', '2024-04-29 07:28:56', '2024-04-29 07:28:56'),
(32, 1, 56, 'Quinto', '2024-04-29 07:28:56', '2024-04-29 07:28:56'),
(33, 1, 17, 'Sexto', '2024-04-29 07:28:56', '2024-04-29 07:28:56'),
(34, 1, 54, 'Segundo', '2024-04-29 07:28:56', '2024-04-29 07:28:56'),
(35, 1, 32, 'Segundo', '2024-04-29 07:28:56', '2024-04-29 07:28:56'),
(36, 1, 76, 'Tercero', '2024-04-29 07:28:56', '2024-04-29 07:28:56'),
(37, 1, 49, 'Primero', '2024-04-29 07:28:56', '2024-04-29 07:28:56'),
(38, 1, 6, 'Quinto', '2024-04-29 07:28:56', '2024-04-29 07:28:56'),
(39, 1, 17, 'Tercero', '2024-04-29 07:28:56', '2024-04-29 07:28:56'),
(40, 1, 38, 'Segundo', '2024-04-29 07:28:56', '2024-04-29 07:28:56'),
(41, 1, 68, 'Tercero', '2024-04-29 07:28:56', '2024-04-29 07:28:56'),
(42, 1, 67, 'Quinto', '2024-04-29 07:28:56', '2024-04-29 07:28:56'),
(43, 1, 73, 'Primero', '2024-04-29 07:28:56', '2024-04-29 07:28:56'),
(44, 1, 79, 'Quinto', '2024-04-29 07:28:56', '2024-04-29 07:28:56'),
(45, 1, 51, 'Segundo', '2024-04-29 07:28:56', '2024-04-29 07:28:56'),
(46, 1, 59, 'Tercero', '2024-04-29 07:28:56', '2024-04-29 07:28:56'),
(47, 1, 76, 'Primero', '2024-04-29 07:28:56', '2024-04-29 07:28:56'),
(48, 1, 52, 'Cuarto', '2024-04-29 07:28:56', '2024-04-29 07:28:56'),
(49, 1, 92, 'Sexto', '2024-04-29 07:28:56', '2024-04-29 07:28:56'),
(50, 1, 99, 'Primero', '2024-04-29 07:28:56', '2024-04-29 07:28:56'),
(51, 1, 23, 'Cuarto', '2024-04-29 07:28:56', '2024-04-29 07:28:56'),
(52, 1, 42, 'Primero', '2024-04-29 07:28:56', '2024-04-29 07:28:56'),
(53, 1, 78, 'Tercero', '2024-04-29 07:28:56', '2024-04-29 07:28:56'),
(54, 1, 43, 'Sexto', '2024-04-29 07:28:56', '2024-04-29 07:28:56'),
(55, 1, 22, 'Sexto', '2024-04-29 07:28:56', '2024-04-29 07:28:56'),
(56, 1, 94, 'Primero', '2024-04-29 07:28:56', '2024-04-29 07:28:56'),
(57, 1, 80, 'Tercero', '2024-04-29 07:28:56', '2024-04-29 07:28:56'),
(58, 1, 32, 'Cuarto', '2024-04-29 07:28:56', '2024-04-29 07:28:56'),
(59, 1, 101, 'Quinto', '2024-04-29 07:28:56', '2024-04-29 07:28:56'),
(60, 1, 9, 'Tercero', '2024-04-29 07:28:56', '2024-04-29 07:28:56'),
(61, 1, 57, 'Quinto', '2024-04-29 07:28:56', '2024-04-29 07:28:56'),
(62, 1, 69, 'Segundo', '2024-04-29 07:28:56', '2024-04-29 07:28:56'),
(63, 1, 27, 'Segundo', '2024-04-29 07:28:56', '2024-04-29 07:28:56'),
(64, 1, 103, 'Tercero', '2024-04-29 07:28:56', '2024-04-29 07:28:56'),
(65, 1, 24, 'Quinto', '2024-04-29 07:28:56', '2024-04-29 07:28:56'),
(66, 1, 59, 'Segundo', '2024-04-29 07:28:56', '2024-04-29 07:28:56'),
(67, 1, 71, 'Segundo', '2024-04-29 07:28:56', '2024-04-29 07:28:56'),
(68, 1, 39, 'Segundo', '2024-04-29 07:28:56', '2024-04-29 07:28:56'),
(69, 1, 82, 'Segundo', '2024-04-29 07:28:56', '2024-04-29 07:28:56'),
(70, 1, 67, 'Segundo', '2024-04-29 07:28:56', '2024-04-29 07:28:56'),
(71, 1, 8, 'Cuarto', '2024-04-29 07:28:56', '2024-04-29 07:28:56'),
(72, 1, 38, 'Primero', '2024-04-29 07:28:56', '2024-04-29 07:28:56'),
(73, 1, 80, 'Primero', '2024-04-29 07:28:56', '2024-04-29 07:28:56'),
(74, 1, 82, 'Sexto', '2024-04-29 07:28:56', '2024-04-29 07:28:56'),
(75, 1, 51, 'Sexto', '2024-04-29 07:28:56', '2024-04-29 07:28:56'),
(76, 1, 100, 'Quinto', '2024-04-29 07:28:56', '2024-04-29 07:28:56'),
(77, 1, 11, 'Segundo', '2024-04-29 07:28:56', '2024-04-29 07:28:56'),
(78, 1, 4, 'Tercero', '2024-04-29 07:28:56', '2024-04-29 07:28:56'),
(79, 1, 54, 'Cuarto', '2024-04-29 07:28:56', '2024-04-29 07:28:56'),
(80, 1, 62, 'Sexto', '2024-04-29 07:28:56', '2024-04-29 07:28:56'),
(81, 1, 20, 'Quinto', '2024-04-29 07:28:56', '2024-04-29 07:28:56'),
(82, 1, 39, 'Quinto', '2024-04-29 07:28:56', '2024-04-29 07:28:56'),
(83, 1, 26, 'Segundo', '2024-04-29 07:28:56', '2024-04-29 07:28:56'),
(84, 1, 37, 'Cuarto', '2024-04-29 07:28:56', '2024-04-29 07:28:56'),
(85, 1, 54, 'Quinto', '2024-04-29 07:28:56', '2024-04-29 07:28:56'),
(86, 1, 23, 'Cuarto', '2024-04-29 07:28:56', '2024-04-29 07:28:56'),
(87, 1, 45, 'Sexto', '2024-04-29 07:28:56', '2024-04-29 07:28:56'),
(88, 1, 21, 'Tercero', '2024-04-29 07:28:56', '2024-04-29 07:28:56'),
(89, 1, 12, 'Quinto', '2024-04-29 07:28:56', '2024-04-29 07:28:56'),
(90, 1, 79, 'Primero', '2024-04-29 07:28:56', '2024-04-29 07:28:56'),
(91, 1, 47, 'Cuarto', '2024-04-29 07:28:56', '2024-04-29 07:28:56'),
(92, 1, 21, 'Sexto', '2024-04-29 07:28:56', '2024-04-29 07:28:56'),
(93, 1, 16, 'Sexto', '2024-04-29 07:28:56', '2024-04-29 07:28:56'),
(94, 1, 28, 'Segundo', '2024-04-29 07:28:56', '2024-04-29 07:28:56'),
(95, 1, 3, 'Quinto', '2024-04-29 07:28:56', '2024-04-29 07:28:56'),
(96, 1, 30, 'Primero', '2024-04-29 07:28:56', '2024-04-29 07:28:56'),
(97, 1, 88, 'Cuarto', '2024-04-29 07:28:56', '2024-04-29 07:28:56'),
(98, 1, 53, 'Quinto', '2024-04-29 07:28:56', '2024-04-29 07:28:56'),
(99, 1, 71, 'Tercero', '2024-04-29 07:28:56', '2024-04-29 07:28:56'),
(100, 1, 72, 'Tercero', '2024-04-29 07:28:56', '2024-04-29 07:28:56'),
(101, 1, 9, 'Sexto', '2024-04-29 07:28:56', '2024-04-29 07:28:56');

-- --------------------------------------------------------

--
-- Estructura de tabla para la tabla `grupo_alumno`
--

CREATE TABLE `grupo_alumno` (
  `id` bigint(20) UNSIGNED NOT NULL,
  `id_Grupo` bigint(20) UNSIGNED NOT NULL,
  `id_alumno` bigint(20) UNSIGNED NOT NULL,
  `created_at` timestamp NULL DEFAULT NULL,
  `updated_at` timestamp NULL DEFAULT NULL
) ENGINE=InnoDB DEFAULT CHARSET=utf8mb4 COLLATE=utf8mb4_unicode_ci;

--
-- Volcado de datos para la tabla `grupo_alumno`
--

INSERT INTO `grupo_alumno` (`id`, `id_Grupo`, `id_alumno`, `created_at`, `updated_at`) VALUES
(3, 1, 4, '2024-04-29 07:38:19', '2024-04-29 07:38:19'),
(4, 1, 4, '2024-04-29 07:38:19', '2024-04-29 07:38:19'),
(5, 1, 23, '2024-04-29 07:38:19', '2024-04-29 07:38:19'),
(6, 18, 96, '2024-04-29 15:47:38', '2024-04-29 15:47:38'),
(7, 100, 52, '2024-04-29 15:47:38', '2024-04-29 15:47:38'),
(8, 100, 11, '2024-04-29 15:47:38', '2024-04-29 15:47:38'),
(9, 78, 13, '2024-04-29 15:47:38', '2024-04-29 15:47:38'),
(10, 11, 22, '2024-04-29 15:47:38', '2024-04-29 15:47:38'),
(11, 26, 83, '2024-04-29 15:47:38', '2024-04-29 15:47:38'),
(12, 42, 39, '2024-04-29 15:47:38', '2024-04-29 15:47:38'),
(13, 50, 93, '2024-04-29 15:47:38', '2024-04-29 15:47:38'),
(14, 41, 26, '2024-04-29 15:47:38', '2024-04-29 15:47:38'),
(15, 33, 55, '2024-04-29 15:47:38', '2024-04-29 15:47:38'),
(16, 18, 18, '2024-04-29 15:47:38', '2024-04-29 15:47:38'),
(17, 20, 86, '2024-04-29 15:47:38', '2024-04-29 15:47:38'),
(18, 25, 58, '2024-04-29 15:47:38', '2024-04-29 15:47:38'),
(19, 17, 36, '2024-04-29 15:47:38', '2024-04-29 15:47:38'),
(20, 12, 56, '2024-04-29 15:47:38', '2024-04-29 15:47:38'),
(21, 91, 56, '2024-04-29 15:47:38', '2024-04-29 15:47:38'),
(22, 64, 90, '2024-04-29 15:47:38', '2024-04-29 15:47:38'),
(23, 49, 43, '2024-04-29 15:47:38', '2024-04-29 15:47:38'),
(24, 51, 11, '2024-04-29 15:47:38', '2024-04-29 15:47:38'),
(25, 51, 53, '2024-04-29 15:47:38', '2024-04-29 15:47:38'),
(26, 89, 98, '2024-04-29 15:47:38', '2024-04-29 15:47:38'),
(27, 60, 5, '2024-04-29 15:47:38', '2024-04-29 15:47:38'),
(28, 60, 35, '2024-04-29 15:47:38', '2024-04-29 15:47:38'),
(29, 57, 35, '2024-04-29 15:47:38', '2024-04-29 15:47:38'),
(30, 81, 96, '2024-04-29 15:47:38', '2024-04-29 15:47:38'),
(31, 29, 65, '2024-04-29 15:47:38', '2024-04-29 15:47:38'),
(32, 51, 25, '2024-04-29 15:47:38', '2024-04-29 15:47:38'),
(33, 61, 72, '2024-04-29 15:47:38', '2024-04-29 15:47:38'),
(34, 72, 93, '2024-04-29 15:47:38', '2024-04-29 15:47:38'),
(35, 93, 59, '2024-04-29 15:47:38', '2024-04-29 15:47:38'),
(36, 4, 73, '2024-04-29 15:47:38', '2024-04-29 15:47:38'),
(37, 83, 91, '2024-04-29 15:47:38', '2024-04-29 15:47:38'),
(38, 85, 32, '2024-04-29 15:47:38', '2024-04-29 15:47:38'),
(39, 24, 21, '2024-04-29 15:47:38', '2024-04-29 15:47:38'),
(40, 99, 72, '2024-04-29 15:47:38', '2024-04-29 15:47:38'),
(41, 39, 39, '2024-04-29 15:47:38', '2024-04-29 15:47:38'),
(42, 97, 29, '2024-04-29 15:47:38', '2024-04-29 15:47:38'),
(43, 100, 37, '2024-04-29 15:47:38', '2024-04-29 15:47:38'),
(44, 59, 33, '2024-04-29 15:47:38', '2024-04-29 15:47:38'),
(45, 65, 76, '2024-04-29 15:47:38', '2024-04-29 15:47:38'),
(46, 68, 55, '2024-04-29 15:47:38', '2024-04-29 15:47:38'),
(47, 89, 38, '2024-04-29 15:47:38', '2024-04-29 15:47:38'),
(48, 22, 43, '2024-04-29 15:47:38', '2024-04-29 15:47:38'),
(49, 18, 92, '2024-04-29 15:47:38', '2024-04-29 15:47:38'),
(50, 72, 73, '2024-04-29 15:47:38', '2024-04-29 15:47:38'),
(51, 47, 10, '2024-04-29 15:47:38', '2024-04-29 15:47:38'),
(52, 33, 81, '2024-04-29 15:47:38', '2024-04-29 15:47:38'),
(53, 79, 68, '2024-04-29 15:47:38', '2024-04-29 15:47:38'),
(54, 98, 30, '2024-04-29 15:47:38', '2024-04-29 15:47:38'),
(55, 17, 53, '2024-04-29 15:47:38', '2024-04-29 15:47:38'),
(56, 88, 45, '2024-04-29 15:47:38', '2024-04-29 15:47:38'),
(57, 23, 85, '2024-04-29 15:47:38', '2024-04-29 15:47:38'),
(58, 45, 62, '2024-04-29 15:47:38', '2024-04-29 15:47:38'),
(59, 55, 13, '2024-04-29 15:47:38', '2024-04-29 15:47:38'),
(60, 101, 79, '2024-04-29 15:47:38', '2024-04-29 15:47:38'),
(61, 28, 71, '2024-04-29 15:47:38', '2024-04-29 15:47:38'),
(62, 92, 49, '2024-04-29 15:47:38', '2024-04-29 15:47:38'),
(63, 83, 70, '2024-04-29 15:47:38', '2024-04-29 15:47:38'),
(64, 43, 93, '2024-04-29 15:47:38', '2024-04-29 15:47:38'),
(65, 24, 38, '2024-04-29 15:47:38', '2024-04-29 15:47:38'),
(66, 77, 96, '2024-04-29 15:47:38', '2024-04-29 15:47:38'),
(67, 84, 77, '2024-04-29 15:47:38', '2024-04-29 15:47:38'),
(68, 20, 91, '2024-04-29 15:47:38', '2024-04-29 15:47:38'),
(69, 60, 22, '2024-04-29 15:47:38', '2024-04-29 15:47:38'),
(70, 35, 28, '2024-04-29 15:47:38', '2024-04-29 15:47:38'),
(71, 4, 19, '2024-04-29 15:47:38', '2024-04-29 15:47:38'),
(72, 35, 17, '2024-04-29 15:47:38', '2024-04-29 15:47:38'),
(73, 87, 18, '2024-04-29 15:47:38', '2024-04-29 15:47:38'),
(74, 42, 82, '2024-04-29 15:47:38', '2024-04-29 15:47:38'),
(75, 16, 77, '2024-04-29 15:47:38', '2024-04-29 15:47:38'),
(76, 85, 10, '2024-04-29 15:47:38', '2024-04-29 15:47:38'),
(77, 22, 34, '2024-04-29 15:47:38', '2024-04-29 15:47:38'),
(78, 42, 1, '2024-04-29 15:47:38', '2024-04-29 15:47:38'),
(79, 21, 83, '2024-04-29 15:47:38', '2024-04-29 15:47:38'),
(80, 74, 92, '2024-04-29 15:47:38', '2024-04-29 15:47:38'),
(81, 8, 19, '2024-04-29 15:47:38', '2024-04-29 15:47:38'),
(82, 36, 62, '2024-04-29 15:47:38', '2024-04-29 15:47:38'),
(83, 86, 83, '2024-04-29 15:47:38', '2024-04-29 15:47:38'),
(84, 65, 65, '2024-04-29 15:47:38', '2024-04-29 15:47:38'),
(85, 16, 67, '2024-04-29 15:47:38', '2024-04-29 15:47:38'),
(86, 41, 65, '2024-04-29 15:47:38', '2024-04-29 15:47:38'),
(87, 77, 50, '2024-04-29 15:47:38', '2024-04-29 15:47:38'),
(88, 19, 80, '2024-04-29 15:47:38', '2024-04-29 15:47:38'),
(89, 58, 30, '2024-04-29 15:47:38', '2024-04-29 15:47:38'),
(90, 84, 46, '2024-04-29 15:47:38', '2024-04-29 15:47:38'),
(91, 6, 9, '2024-04-29 15:47:38', '2024-04-29 15:47:38'),
(92, 65, 7, '2024-04-29 15:47:38', '2024-04-29 15:47:38'),
(93, 28, 58, '2024-04-29 15:47:38', '2024-04-29 15:47:38'),
(94, 37, 69, '2024-04-29 15:47:38', '2024-04-29 15:47:38'),
(95, 101, 96, '2024-04-29 15:47:38', '2024-04-29 15:47:38'),
(96, 43, 5, '2024-04-29 15:47:38', '2024-04-29 15:47:38'),
(97, 34, 85, '2024-04-29 15:47:38', '2024-04-29 15:47:38'),
(98, 69, 97, '2024-04-29 15:47:38', '2024-04-29 15:47:38'),
(99, 77, 55, '2024-04-29 15:47:38', '2024-04-29 15:47:38'),
(100, 74, 16, '2024-04-29 15:47:38', '2024-04-29 15:47:38'),
(101, 78, 53, '2024-04-29 15:47:38', '2024-04-29 15:47:38'),
(102, 69, 58, '2024-04-29 15:47:38', '2024-04-29 15:47:38'),
(103, 58, 20, '2024-04-29 15:47:38', '2024-04-29 15:47:38'),
(104, 12, 69, '2024-04-29 15:47:38', '2024-04-29 15:47:38'),
(105, 89, 64, '2024-04-29 15:47:38', '2024-04-29 15:47:38');

-- --------------------------------------------------------

--
-- Estructura de tabla para la tabla `horario`
--

CREATE TABLE `horario` (
  `id` bigint(20) UNSIGNED NOT NULL,
  `dia` varchar(255) NOT NULL,
  `horaInicio` time NOT NULL,
  `horaFin` time NOT NULL,
  `created_at` timestamp NULL DEFAULT NULL,
  `updated_at` timestamp NULL DEFAULT NULL
) ENGINE=InnoDB DEFAULT CHARSET=utf8mb4 COLLATE=utf8mb4_unicode_ci;

--
-- Volcado de datos para la tabla `horario`
--

INSERT INTO `horario` (`id`, `dia`, `horaInicio`, `horaFin`, `created_at`, `updated_at`) VALUES
(1, 'Jueves', '08:57:00', '12:21:00', '2024-04-29 15:47:59', '2024-04-29 15:47:59'),
(2, 'Lunes', '12:34:00', '12:54:00', '2024-04-29 15:47:59', '2024-04-29 15:47:59'),
(3, 'Jueves', '09:26:00', '10:49:00', '2024-04-29 15:47:59', '2024-04-29 15:47:59'),
(4, 'Jueves', '10:05:00', '11:19:00', '2024-04-29 15:47:59', '2024-04-29 15:47:59'),
(5, 'Martes', '12:23:00', '12:51:00', '2024-04-29 15:47:59', '2024-04-29 15:47:59'),
(6, 'Miércoles', '11:10:00', '11:42:00', '2024-04-29 15:47:59', '2024-04-29 15:47:59'),
(7, 'Martes', '12:39:00', '12:55:00', '2024-04-29 15:47:59', '2024-04-29 15:47:59'),
(8, 'Jueves', '10:19:00', '12:55:00', '2024-04-29 15:47:59', '2024-04-29 15:47:59'),
(9, 'Miércoles', '12:11:00', '12:49:00', '2024-04-29 15:47:59', '2024-04-29 15:47:59'),
(10, 'Lunes', '09:32:00', '12:26:00', '2024-04-29 15:47:59', '2024-04-29 15:47:59'),
(11, 'Lunes', '11:27:00', '12:06:00', '2024-04-29 15:47:59', '2024-04-29 15:47:59'),
(12, 'Miércoles', '09:57:00', '10:50:00', '2024-04-29 15:47:59', '2024-04-29 15:47:59'),
(13, 'Jueves', '10:24:00', '12:07:00', '2024-04-29 15:47:59', '2024-04-29 15:47:59'),
(14, 'Viernes', '11:19:00', '12:22:00', '2024-04-29 15:47:59', '2024-04-29 15:47:59'),
(15, 'Lunes', '11:42:00', '11:56:00', '2024-04-29 15:47:59', '2024-04-29 15:47:59'),
(16, 'Viernes', '12:18:00', '12:47:00', '2024-04-29 15:47:59', '2024-04-29 15:47:59'),
(17, 'Lunes', '12:36:00', '12:58:00', '2024-04-29 15:47:59', '2024-04-29 15:47:59'),
(18, 'Martes', '09:45:00', '11:49:00', '2024-04-29 15:47:59', '2024-04-29 15:47:59'),
(19, 'Viernes', '12:02:00', '12:29:00', '2024-04-29 15:47:59', '2024-04-29 15:47:59'),
(20, 'Viernes', '11:06:00', '12:41:00', '2024-04-29 15:47:59', '2024-04-29 15:47:59'),
(21, 'Jueves', '10:31:00', '10:32:00', '2024-04-29 15:47:59', '2024-04-29 15:47:59'),
(22, 'Viernes', '11:05:00', '11:51:00', '2024-04-29 15:47:59', '2024-04-29 15:47:59'),
(23, 'Lunes', '12:25:00', '12:59:00', '2024-04-29 15:47:59', '2024-04-29 15:47:59'),
(24, 'Viernes', '12:24:00', '12:27:00', '2024-04-29 15:47:59', '2024-04-29 15:47:59'),
(25, 'Martes', '09:44:00', '12:24:00', '2024-04-29 15:47:59', '2024-04-29 15:47:59'),
(26, 'Miércoles', '12:07:00', '12:14:00', '2024-04-29 15:47:59', '2024-04-29 15:47:59'),
(27, 'Miércoles', '12:55:00', '12:57:00', '2024-04-29 15:47:59', '2024-04-29 15:47:59'),
(28, 'Miércoles', '08:57:00', '11:02:00', '2024-04-29 15:47:59', '2024-04-29 15:47:59'),
(29, 'Martes', '09:56:00', '10:35:00', '2024-04-29 15:47:59', '2024-04-29 15:47:59'),
(30, 'Lunes', '10:01:00', '11:08:00', '2024-04-29 15:47:59', '2024-04-29 15:47:59'),
(31, 'Lunes', '08:47:00', '10:54:00', '2024-04-29 15:47:59', '2024-04-29 15:47:59'),
(32, 'Martes', '12:00:00', '12:45:00', '2024-04-29 15:47:59', '2024-04-29 15:47:59'),
(33, 'Martes', '09:33:00', '11:33:00', '2024-04-29 15:47:59', '2024-04-29 15:47:59'),
(34, 'Viernes', '12:51:00', '12:58:00', '2024-04-29 15:47:59', '2024-04-29 15:47:59'),
(35, 'Martes', '09:41:00', '11:23:00', '2024-04-29 15:47:59', '2024-04-29 15:47:59'),
(36, 'Jueves', '10:45:00', '10:58:00', '2024-04-29 15:47:59', '2024-04-29 15:47:59'),
(37, 'Viernes', '08:32:00', '11:17:00', '2024-04-29 15:47:59', '2024-04-29 15:47:59'),
(38, 'Martes', '10:19:00', '12:16:00', '2024-04-29 15:47:59', '2024-04-29 15:47:59'),
(39, 'Miércoles', '10:08:00', '12:06:00', '2024-04-29 15:47:59', '2024-04-29 15:47:59'),
(40, 'Miércoles', '11:25:00', '12:10:00', '2024-04-29 15:47:59', '2024-04-29 15:47:59'),
(41, 'Martes', '12:04:00', '12:56:00', '2024-04-29 15:47:59', '2024-04-29 15:47:59'),
(42, 'Miércoles', '09:27:00', '10:51:00', '2024-04-29 15:47:59', '2024-04-29 15:47:59'),
(43, 'Viernes', '11:45:00', '12:33:00', '2024-04-29 15:47:59', '2024-04-29 15:47:59'),
(44, 'Martes', '09:58:00', '12:11:00', '2024-04-29 15:47:59', '2024-04-29 15:47:59'),
(45, 'Miércoles', '10:57:00', '12:03:00', '2024-04-29 15:47:59', '2024-04-29 15:47:59'),
(46, 'Jueves', '10:05:00', '12:01:00', '2024-04-29 15:47:59', '2024-04-29 15:47:59'),
(47, 'Miércoles', '11:30:00', '12:49:00', '2024-04-29 15:47:59', '2024-04-29 15:47:59'),
(48, 'Lunes', '09:48:00', '10:12:00', '2024-04-29 15:47:59', '2024-04-29 15:47:59'),
(49, 'Lunes', '09:59:00', '11:13:00', '2024-04-29 15:47:59', '2024-04-29 15:47:59'),
(50, 'Jueves', '09:44:00', '10:45:00', '2024-04-29 15:47:59', '2024-04-29 15:47:59'),
(51, 'Lunes', '11:10:00', '12:56:00', '2024-04-29 15:47:59', '2024-04-29 15:47:59'),
(52, 'Viernes', '08:01:00', '11:21:00', '2024-04-29 15:47:59', '2024-04-29 15:47:59'),
(53, 'Lunes', '09:45:00', '10:15:00', '2024-04-29 15:47:59', '2024-04-29 15:47:59'),
(54, 'Viernes', '10:38:00', '11:23:00', '2024-04-29 15:47:59', '2024-04-29 15:47:59'),
(55, 'Viernes', '10:37:00', '11:57:00', '2024-04-29 15:47:59', '2024-04-29 15:47:59'),
(56, 'Martes', '08:01:00', '09:24:00', '2024-04-29 15:47:59', '2024-04-29 15:47:59'),
(57, 'Viernes', '09:39:00', '10:27:00', '2024-04-29 15:47:59', '2024-04-29 15:47:59'),
(58, 'Miércoles', '11:03:00', '11:16:00', '2024-04-29 15:47:59', '2024-04-29 15:47:59'),
(59, 'Martes', '10:58:00', '12:24:00', '2024-04-29 15:47:59', '2024-04-29 15:47:59'),
(60, 'Viernes', '08:45:00', '12:19:00', '2024-04-29 15:47:59', '2024-04-29 15:47:59'),
(61, 'Lunes', '11:56:00', '11:57:00', '2024-04-29 15:47:59', '2024-04-29 15:47:59'),
(62, 'Martes', '08:16:00', '09:46:00', '2024-04-29 15:47:59', '2024-04-29 15:47:59'),
(63, 'Jueves', '11:26:00', '12:57:00', '2024-04-29 15:47:59', '2024-04-29 15:47:59'),
(64, 'Martes', '11:23:00', '11:55:00', '2024-04-29 15:47:59', '2024-04-29 15:47:59'),
(65, 'Miércoles', '11:26:00', '12:00:00', '2024-04-29 15:47:59', '2024-04-29 15:47:59'),
(66, 'Miércoles', '11:26:00', '11:37:00', '2024-04-29 15:47:59', '2024-04-29 15:47:59'),
(67, 'Martes', '08:27:00', '08:36:00', '2024-04-29 15:47:59', '2024-04-29 15:47:59'),
(68, 'Viernes', '12:57:00', '12:57:00', '2024-04-29 15:47:59', '2024-04-29 15:47:59'),
(69, 'Viernes', '11:46:00', '11:56:00', '2024-04-29 15:47:59', '2024-04-29 15:47:59'),
(70, 'Viernes', '12:35:00', '12:43:00', '2024-04-29 15:47:59', '2024-04-29 15:47:59'),
(71, 'Jueves', '09:44:00', '12:01:00', '2024-04-29 15:47:59', '2024-04-29 15:47:59'),
(72, 'Jueves', '11:48:00', '12:35:00', '2024-04-29 15:47:59', '2024-04-29 15:47:59'),
(73, 'Martes', '08:50:00', '10:14:00', '2024-04-29 15:47:59', '2024-04-29 15:47:59'),
(74, 'Jueves', '10:23:00', '11:27:00', '2024-04-29 15:47:59', '2024-04-29 15:47:59'),
(75, 'Miércoles', '12:15:00', '12:50:00', '2024-04-29 15:47:59', '2024-04-29 15:47:59'),
(76, 'Martes', '08:37:00', '10:59:00', '2024-04-29 15:47:59', '2024-04-29 15:47:59'),
(77, 'Miércoles', '08:24:00', '10:51:00', '2024-04-29 15:47:59', '2024-04-29 15:47:59'),
(78, 'Jueves', '09:36:00', '12:18:00', '2024-04-29 15:47:59', '2024-04-29 15:47:59'),
(79, 'Miércoles', '09:51:00', '10:35:00', '2024-04-29 15:47:59', '2024-04-29 15:47:59'),
(80, 'Jueves', '11:56:00', '12:59:00', '2024-04-29 15:47:59', '2024-04-29 15:47:59'),
(81, 'Jueves', '08:07:00', '08:47:00', '2024-04-29 15:47:59', '2024-04-29 15:47:59'),
(82, 'Lunes', '10:26:00', '12:39:00', '2024-04-29 15:47:59', '2024-04-29 15:47:59'),
(83, 'Viernes', '09:40:00', '12:26:00', '2024-04-29 15:47:59', '2024-04-29 15:47:59'),
(84, 'Martes', '11:40:00', '11:54:00', '2024-04-29 15:47:59', '2024-04-29 15:47:59'),
(85, 'Viernes', '09:55:00', '12:07:00', '2024-04-29 15:47:59', '2024-04-29 15:47:59'),
(86, 'Lunes', '11:05:00', '11:23:00', '2024-04-29 15:47:59', '2024-04-29 15:47:59'),
(87, 'Lunes', '10:10:00', '12:17:00', '2024-04-29 15:47:59', '2024-04-29 15:47:59'),
(88, 'Lunes', '12:52:00', '12:54:00', '2024-04-29 15:47:59', '2024-04-29 15:47:59'),
(89, 'Miércoles', '09:06:00', '09:50:00', '2024-04-29 15:47:59', '2024-04-29 15:47:59'),
(90, 'Viernes', '08:43:00', '12:35:00', '2024-04-29 15:47:59', '2024-04-29 15:47:59'),
(91, 'Miércoles', '11:46:00', '12:44:00', '2024-04-29 15:47:59', '2024-04-29 15:47:59'),
(92, 'Lunes', '12:23:00', '12:59:00', '2024-04-29 15:47:59', '2024-04-29 15:47:59'),
(93, 'Martes', '08:37:00', '11:33:00', '2024-04-29 15:47:59', '2024-04-29 15:47:59'),
(94, 'Martes', '10:57:00', '12:12:00', '2024-04-29 15:47:59', '2024-04-29 15:47:59'),
(95, 'Viernes', '10:57:00', '11:04:00', '2024-04-29 15:47:59', '2024-04-29 15:47:59'),
(96, 'Lunes', '10:36:00', '11:15:00', '2024-04-29 15:47:59', '2024-04-29 15:47:59'),
(97, 'Lunes', '12:38:00', '12:48:00', '2024-04-29 15:47:59', '2024-04-29 15:47:59'),
(98, 'Viernes', '09:23:00', '09:49:00', '2024-04-29 15:47:59', '2024-04-29 15:47:59'),
(99, 'Miércoles', '08:24:00', '09:57:00', '2024-04-29 15:47:59', '2024-04-29 15:47:59'),
(100, 'Miércoles', '12:40:00', '12:55:00', '2024-04-29 15:47:59', '2024-04-29 15:47:59');

-- --------------------------------------------------------

--
-- Estructura de tabla para la tabla `horario_asignatura`
--

CREATE TABLE `horario_asignatura` (
  `id` bigint(20) UNSIGNED NOT NULL,
  `id_Horario` bigint(20) UNSIGNED NOT NULL,
  `id_Asignatura` bigint(20) UNSIGNED NOT NULL,
  `created_at` timestamp NULL DEFAULT NULL,
  `updated_at` timestamp NULL DEFAULT NULL
) ENGINE=InnoDB DEFAULT CHARSET=utf8mb4 COLLATE=utf8mb4_unicode_ci;

--
-- Volcado de datos para la tabla `horario_asignatura`
--

INSERT INTO `horario_asignatura` (`id`, `id_Horario`, `id_Asignatura`, `created_at`, `updated_at`) VALUES
(1, 74, 2, '2024-04-29 15:48:08', '2024-04-29 15:48:08'),
(2, 74, 2, '2024-04-29 15:48:08', '2024-04-29 15:48:08'),
(3, 66, 2, '2024-04-29 15:48:08', '2024-04-29 15:48:08'),
(4, 91, 2, '2024-04-29 15:48:08', '2024-04-29 15:48:08'),
(5, 9, 2, '2024-04-29 15:48:08', '2024-04-29 15:48:08'),
(6, 62, 2, '2024-04-29 15:48:08', '2024-04-29 15:48:08'),
(7, 71, 2, '2024-04-29 15:48:08', '2024-04-29 15:48:08'),
(8, 26, 2, '2024-04-29 15:48:08', '2024-04-29 15:48:08'),
(9, 73, 2, '2024-04-29 15:48:08', '2024-04-29 15:48:08'),
(10, 88, 2, '2024-04-29 15:48:08', '2024-04-29 15:48:08'),
(11, 73, 2, '2024-04-29 15:48:08', '2024-04-29 15:48:08'),
(12, 44, 2, '2024-04-29 15:48:08', '2024-04-29 15:48:08'),
(13, 16, 2, '2024-04-29 15:48:08', '2024-04-29 15:48:08'),
(14, 49, 2, '2024-04-29 15:48:08', '2024-04-29 15:48:08'),
(15, 35, 2, '2024-04-29 15:48:08', '2024-04-29 15:48:08'),
(16, 84, 2, '2024-04-29 15:48:08', '2024-04-29 15:48:08'),
(17, 76, 2, '2024-04-29 15:48:08', '2024-04-29 15:48:08'),
(18, 45, 2, '2024-04-29 15:48:08', '2024-04-29 15:48:08'),
(19, 59, 2, '2024-04-29 15:48:08', '2024-04-29 15:48:08'),
(20, 93, 2, '2024-04-29 15:48:08', '2024-04-29 15:48:08'),
(21, 55, 2, '2024-04-29 15:48:08', '2024-04-29 15:48:08'),
(22, 85, 2, '2024-04-29 15:48:08', '2024-04-29 15:48:08'),
(23, 98, 2, '2024-04-29 15:48:08', '2024-04-29 15:48:08'),
(24, 69, 2, '2024-04-29 15:48:08', '2024-04-29 15:48:08'),
(25, 67, 2, '2024-04-29 15:48:08', '2024-04-29 15:48:08'),
(26, 54, 2, '2024-04-29 15:48:08', '2024-04-29 15:48:08'),
(27, 53, 2, '2024-04-29 15:48:08', '2024-04-29 15:48:08'),
(28, 1, 2, '2024-04-29 15:48:08', '2024-04-29 15:48:08'),
(29, 59, 2, '2024-04-29 15:48:08', '2024-04-29 15:48:08'),
(30, 13, 2, '2024-04-29 15:48:08', '2024-04-29 15:48:08'),
(31, 35, 2, '2024-04-29 15:48:08', '2024-04-29 15:48:08'),
(32, 47, 2, '2024-04-29 15:48:08', '2024-04-29 15:48:08'),
(33, 26, 2, '2024-04-29 15:48:08', '2024-04-29 15:48:08'),
(34, 16, 2, '2024-04-29 15:48:08', '2024-04-29 15:48:08'),
(35, 53, 2, '2024-04-29 15:48:08', '2024-04-29 15:48:08'),
(36, 18, 2, '2024-04-29 15:48:08', '2024-04-29 15:48:08'),
(37, 26, 2, '2024-04-29 15:48:08', '2024-04-29 15:48:08'),
(38, 81, 2, '2024-04-29 15:48:08', '2024-04-29 15:48:08'),
(39, 22, 2, '2024-04-29 15:48:08', '2024-04-29 15:48:08'),
(40, 72, 2, '2024-04-29 15:48:08', '2024-04-29 15:48:08'),
(41, 11, 2, '2024-04-29 15:48:08', '2024-04-29 15:48:08'),
(42, 34, 2, '2024-04-29 15:48:08', '2024-04-29 15:48:08'),
(43, 33, 2, '2024-04-29 15:48:08', '2024-04-29 15:48:08'),
(44, 11, 2, '2024-04-29 15:48:08', '2024-04-29 15:48:08'),
(45, 73, 2, '2024-04-29 15:48:08', '2024-04-29 15:48:08'),
(46, 57, 2, '2024-04-29 15:48:08', '2024-04-29 15:48:08'),
(47, 60, 2, '2024-04-29 15:48:08', '2024-04-29 15:48:08'),
(48, 96, 2, '2024-04-29 15:48:08', '2024-04-29 15:48:08'),
(49, 15, 2, '2024-04-29 15:48:08', '2024-04-29 15:48:08'),
(50, 56, 2, '2024-04-29 15:48:08', '2024-04-29 15:48:08'),
(51, 97, 2, '2024-04-29 15:48:08', '2024-04-29 15:48:08'),
(52, 37, 2, '2024-04-29 15:48:08', '2024-04-29 15:48:08'),
(53, 61, 2, '2024-04-29 15:48:08', '2024-04-29 15:48:08'),
(54, 39, 2, '2024-04-29 15:48:08', '2024-04-29 15:48:08'),
(55, 20, 2, '2024-04-29 15:48:08', '2024-04-29 15:48:08'),
(56, 83, 2, '2024-04-29 15:48:08', '2024-04-29 15:48:08'),
(57, 97, 2, '2024-04-29 15:48:08', '2024-04-29 15:48:08'),
(58, 86, 2, '2024-04-29 15:48:08', '2024-04-29 15:48:08'),
(59, 73, 2, '2024-04-29 15:48:08', '2024-04-29 15:48:08'),
(60, 63, 2, '2024-04-29 15:48:08', '2024-04-29 15:48:08'),
(61, 16, 2, '2024-04-29 15:48:08', '2024-04-29 15:48:08'),
(62, 79, 2, '2024-04-29 15:48:08', '2024-04-29 15:48:08'),
(63, 73, 2, '2024-04-29 15:48:08', '2024-04-29 15:48:08'),
(64, 100, 2, '2024-04-29 15:48:08', '2024-04-29 15:48:08'),
(65, 14, 2, '2024-04-29 15:48:08', '2024-04-29 15:48:08'),
(66, 41, 2, '2024-04-29 15:48:08', '2024-04-29 15:48:08'),
(67, 90, 2, '2024-04-29 15:48:08', '2024-04-29 15:48:08'),
(68, 20, 2, '2024-04-29 15:48:08', '2024-04-29 15:48:08'),
(69, 3, 2, '2024-04-29 15:48:08', '2024-04-29 15:48:08'),
(70, 1, 2, '2024-04-29 15:48:08', '2024-04-29 15:48:08'),
(71, 5, 2, '2024-04-29 15:48:08', '2024-04-29 15:48:08'),
(72, 52, 2, '2024-04-29 15:48:08', '2024-04-29 15:48:08'),
(73, 3, 2, '2024-04-29 15:48:08', '2024-04-29 15:48:08'),
(74, 2, 2, '2024-04-29 15:48:08', '2024-04-29 15:48:08'),
(75, 45, 2, '2024-04-29 15:48:08', '2024-04-29 15:48:08'),
(76, 82, 2, '2024-04-29 15:48:08', '2024-04-29 15:48:08'),
(77, 31, 2, '2024-04-29 15:48:08', '2024-04-29 15:48:08'),
(78, 69, 2, '2024-04-29 15:48:08', '2024-04-29 15:48:08'),
(79, 25, 2, '2024-04-29 15:48:08', '2024-04-29 15:48:08'),
(80, 82, 2, '2024-04-29 15:48:08', '2024-04-29 15:48:08'),
(81, 53, 2, '2024-04-29 15:48:08', '2024-04-29 15:48:08'),
(82, 70, 2, '2024-04-29 15:48:08', '2024-04-29 15:48:08'),
(83, 49, 2, '2024-04-29 15:48:08', '2024-04-29 15:48:08'),
(84, 73, 2, '2024-04-29 15:48:08', '2024-04-29 15:48:08'),
(85, 60, 2, '2024-04-29 15:48:08', '2024-04-29 15:48:08'),
(86, 74, 2, '2024-04-29 15:48:08', '2024-04-29 15:48:08'),
(87, 8, 2, '2024-04-29 15:48:08', '2024-04-29 15:48:08'),
(88, 79, 2, '2024-04-29 15:48:08', '2024-04-29 15:48:08'),
(89, 47, 2, '2024-04-29 15:48:08', '2024-04-29 15:48:08'),
(90, 68, 2, '2024-04-29 15:48:08', '2024-04-29 15:48:08'),
(91, 52, 2, '2024-04-29 15:48:08', '2024-04-29 15:48:08'),
(92, 8, 2, '2024-04-29 15:48:08', '2024-04-29 15:48:08'),
(93, 90, 2, '2024-04-29 15:48:08', '2024-04-29 15:48:08'),
(94, 39, 2, '2024-04-29 15:48:08', '2024-04-29 15:48:08'),
(95, 16, 2, '2024-04-29 15:48:08', '2024-04-29 15:48:08'),
(96, 90, 2, '2024-04-29 15:48:08', '2024-04-29 15:48:08'),
(97, 48, 2, '2024-04-29 15:48:08', '2024-04-29 15:48:08'),
(98, 51, 2, '2024-04-29 15:48:08', '2024-04-29 15:48:08'),
(99, 31, 2, '2024-04-29 15:48:08', '2024-04-29 15:48:08'),
(100, 84, 2, '2024-04-29 15:48:08', '2024-04-29 15:48:08');

-- --------------------------------------------------------

--
-- Estructura de tabla para la tabla `jobs`
--

CREATE TABLE `jobs` (
  `id` bigint(20) UNSIGNED NOT NULL,
  `queue` varchar(255) NOT NULL,
  `payload` longtext NOT NULL,
  `attempts` tinyint(3) UNSIGNED NOT NULL,
  `reserved_at` int(10) UNSIGNED DEFAULT NULL,
  `available_at` int(10) UNSIGNED NOT NULL,
  `created_at` int(10) UNSIGNED NOT NULL
) ENGINE=InnoDB DEFAULT CHARSET=utf8mb4 COLLATE=utf8mb4_unicode_ci;

-- --------------------------------------------------------

--
-- Estructura de tabla para la tabla `job_batches`
--

CREATE TABLE `job_batches` (
  `id` varchar(255) NOT NULL,
  `name` varchar(255) NOT NULL,
  `total_jobs` int(11) NOT NULL,
  `pending_jobs` int(11) NOT NULL,
  `failed_jobs` int(11) NOT NULL,
  `failed_job_ids` longtext NOT NULL,
  `options` mediumtext DEFAULT NULL,
  `cancelled_at` int(11) DEFAULT NULL,
  `created_at` int(11) NOT NULL,
  `finished_at` int(11) DEFAULT NULL
) ENGINE=InnoDB DEFAULT CHARSET=utf8mb4 COLLATE=utf8mb4_unicode_ci;

-- --------------------------------------------------------

--
-- Estructura de tabla para la tabla `migrations`
--

CREATE TABLE `migrations` (
  `id` int(10) UNSIGNED NOT NULL,
  `migration` varchar(255) NOT NULL,
  `batch` int(11) NOT NULL
) ENGINE=InnoDB DEFAULT CHARSET=utf8mb4 COLLATE=utf8mb4_unicode_ci;

--
-- Volcado de datos para la tabla `migrations`
--

INSERT INTO `migrations` (`id`, `migration`, `batch`) VALUES
(4, '2024_04_21_000321_create_usuario_table', 1),
(70, '0001_01_01_000000_create_users_table', 2),
(71, '0001_01_01_000001_create_cache_table', 2),
(72, '0001_01_01_000002_create_jobs_table', 2),
(73, '2024_04_21_001046_create_docente_table', 2),
(74, '2024_04_21_001519_create_alumno_table', 2),
(75, '2024_04_21_001908_create_asignatura_table', 2),
(76, '2024_04_21_002148_create_horario_table', 2),
(77, '2024_04_21_002346_create_horario_asignatura_table', 2),
(78, '2024_04_21_002633_create_bloque_table', 2),
(79, '2024_04_21_005049_create_asignatura_docente_table', 2),
(80, '2024_04_21_010130_create_periodo_table', 2),
(81, '2024_04_21_010256_create_grupo_table', 2),
(82, '2024_04_21_011113_create_grupo_alumno_table', 2),
(83, '2024_04_21_011235_create_progresion_table', 2),
(84, '2024_04_21_011547_create_bloque_progresion_table', 2),
(85, '2024_04_21_012019_create_evaluacion_table', 2),
(86, '2024_04_21_012238_create_progresion_evaluacion_table', 2);

-- --------------------------------------------------------

--
-- Estructura de tabla para la tabla `password_reset_tokens`
--

CREATE TABLE `password_reset_tokens` (
  `email` varchar(255) NOT NULL,
  `token` varchar(255) NOT NULL,
  `created_at` timestamp NULL DEFAULT NULL
) ENGINE=InnoDB DEFAULT CHARSET=utf8mb4 COLLATE=utf8mb4_unicode_ci;

--
-- Volcado de datos para la tabla `password_reset_tokens`
--

INSERT INTO `password_reset_tokens` (`email`, `token`, `created_at`) VALUES
('b@b.com', '$2y$12$hHNnQg70jY8dvhT4bY7LBO87wgn47IXROcte1KHdrKHOVyXNFffyu', '2024-04-29 09:49:21'),
('d@d.com', '$2y$12$.OHtvPHVwVxFlH3b49fe.eYqTNkQcVZJLRWSTcbiTmixpw2jtfiI2', '2024-04-29 09:06:15');

-- --------------------------------------------------------

--
-- Estructura de tabla para la tabla `periodo`
--

CREATE TABLE `periodo` (
  `id` bigint(20) UNSIGNED NOT NULL,
  `fechaInicio` date NOT NULL,
  `fechaFin` date NOT NULL,
  `tipo` enum('CicloEscolar','Semanal','Momento') NOT NULL,
  `created_at` timestamp NULL DEFAULT NULL,
  `updated_at` timestamp NULL DEFAULT NULL
) ENGINE=InnoDB DEFAULT CHARSET=utf8mb4 COLLATE=utf8mb4_unicode_ci;

--
-- Volcado de datos para la tabla `periodo`
--

INSERT INTO `periodo` (`id`, `fechaInicio`, `fechaFin`, `tipo`, `created_at`, `updated_at`) VALUES
(1, '0001-01-01', '0002-02-02', 'Semanal', '2024-04-29 06:45:38', '2024-04-29 07:06:18'),
(3, '0564-03-10', '2156-12-05', 'Semanal', '2024-04-29 06:54:26', '2024-04-29 06:54:26'),
(4, '2024-10-27', '2024-11-18', 'Momento', '2024-04-29 07:26:40', '2024-04-29 07:26:40'),
(5, '2024-07-25', '2024-10-07', 'Semanal', '2024-04-29 07:26:40', '2024-04-29 07:26:40'),
(6, '2024-12-23', '2024-12-26', 'Semanal', '2024-04-29 07:26:40', '2024-04-29 07:26:40'),
(7, '2024-03-04', '2024-07-07', 'Momento', '2024-04-29 07:26:40', '2024-04-29 07:26:40'),
(8, '2024-01-19', '2024-10-19', 'CicloEscolar', '2024-04-29 07:26:40', '2024-04-29 07:26:40'),
(9, '2024-08-31', '2024-09-26', 'Momento', '2024-04-29 07:26:40', '2024-04-29 07:26:40'),
(10, '2024-12-24', '2024-12-29', 'Momento', '2024-04-29 07:26:40', '2024-04-29 07:26:40'),
(11, '2024-08-31', '2024-09-26', 'Momento', '2024-04-29 07:26:40', '2024-04-29 07:26:40'),
(12, '2024-08-12', '2024-10-02', 'CicloEscolar', '2024-04-29 07:26:40', '2024-04-29 07:26:40'),
(13, '2024-03-10', '2024-12-28', 'CicloEscolar', '2024-04-29 07:26:40', '2024-04-29 07:26:40'),
(14, '2024-03-13', '2024-06-30', 'CicloEscolar', '2024-04-29 07:26:41', '2024-04-29 07:26:41'),
(15, '2024-07-08', '2024-09-02', 'Momento', '2024-04-29 07:26:41', '2024-04-29 07:26:41'),
(16, '2024-06-14', '2024-07-05', 'Momento', '2024-04-29 07:26:41', '2024-04-29 07:26:41'),
(17, '2024-02-18', '2024-04-06', 'CicloEscolar', '2024-04-29 07:26:41', '2024-04-29 07:26:41'),
(18, '2024-03-31', '2024-12-18', 'Momento', '2024-04-29 07:26:41', '2024-04-29 07:26:41'),
(19, '2024-07-27', '2024-12-26', 'Momento', '2024-04-29 07:26:41', '2024-04-29 07:26:41'),
(20, '2024-03-04', '2024-03-31', 'Momento', '2024-04-29 07:26:41', '2024-04-29 07:26:41'),
(21, '2024-11-10', '2024-11-25', 'Semanal', '2024-04-29 07:26:41', '2024-04-29 07:26:41'),
(22, '2024-07-13', '2024-10-09', 'Momento', '2024-04-29 07:26:41', '2024-04-29 07:26:41'),
(23, '2024-10-25', '2024-11-26', 'CicloEscolar', '2024-04-29 07:26:41', '2024-04-29 07:26:41'),
(24, '2024-03-26', '2024-09-27', 'CicloEscolar', '2024-04-29 07:26:41', '2024-04-29 07:26:41'),
(25, '2024-02-09', '2024-10-14', 'Semanal', '2024-04-29 07:26:41', '2024-04-29 07:26:41'),
(26, '2024-06-14', '2024-08-16', 'Momento', '2024-04-29 07:26:41', '2024-04-29 07:26:41'),
(27, '2024-02-15', '2024-07-16', 'Semanal', '2024-04-29 07:26:41', '2024-04-29 07:26:41'),
(28, '2024-07-23', '2024-11-20', 'Semanal', '2024-04-29 07:26:41', '2024-04-29 07:26:41'),
(29, '2024-03-04', '2024-12-18', 'Semanal', '2024-04-29 07:26:41', '2024-04-29 07:26:41'),
(30, '2024-02-10', '2024-03-05', 'Momento', '2024-04-29 07:26:41', '2024-04-29 07:26:41'),
(32, '2024-09-11', '2024-10-15', 'CicloEscolar', '2024-04-29 07:26:41', '2024-04-29 07:26:41'),
(33, '2024-04-02', '2024-06-12', 'Momento', '2024-04-29 07:26:41', '2024-04-29 07:26:41'),
(34, '2024-01-09', '2024-02-20', 'CicloEscolar', '2024-04-29 07:26:41', '2024-04-29 07:26:41'),
(35, '2024-09-28', '2024-12-15', 'Momento', '2024-04-29 07:26:41', '2024-04-29 07:26:41'),
(36, '2024-07-20', '2024-11-23', 'Semanal', '2024-04-29 07:26:41', '2024-04-29 07:26:41'),
(37, '2024-04-01', '2024-04-29', 'CicloEscolar', '2024-04-29 07:26:41', '2024-04-29 07:26:41'),
(38, '2024-09-02', '2024-12-08', 'CicloEscolar', '2024-04-29 07:26:41', '2024-04-29 07:26:41'),
(39, '2024-10-21', '2024-11-10', 'CicloEscolar', '2024-04-29 07:26:41', '2024-04-29 07:26:41'),
(40, '2024-01-28', '2024-02-17', 'Momento', '2024-04-29 07:26:41', '2024-04-29 07:26:41'),
(41, '2024-11-05', '2024-12-05', 'Momento', '2024-04-29 07:26:41', '2024-04-29 07:26:41'),
(42, '2024-05-25', '2024-10-27', 'Momento', '2024-04-29 07:26:41', '2024-04-29 07:26:41'),
(43, '2024-05-30', '2024-06-01', 'Momento', '2024-04-29 07:26:41', '2024-04-29 07:26:41'),
(44, '2024-06-05', '2024-06-11', 'Momento', '2024-04-29 07:26:41', '2024-04-29 07:26:41'),
(45, '2024-01-09', '2024-02-01', 'Momento', '2024-04-29 07:26:41', '2024-04-29 07:26:41'),
(46, '2024-05-24', '2024-11-30', 'CicloEscolar', '2024-04-29 07:26:41', '2024-04-29 07:26:41'),
(47, '2024-07-15', '2024-11-26', 'Momento', '2024-04-29 07:26:41', '2024-04-29 07:26:41'),
(48, '2024-03-29', '2024-11-24', 'Momento', '2024-04-29 07:26:41', '2024-04-29 07:26:41'),
(49, '2024-12-25', '2024-12-30', 'CicloEscolar', '2024-04-29 07:26:41', '2024-04-29 07:26:41'),
(50, '2024-11-18', '2024-12-16', 'Semanal', '2024-04-29 07:26:41', '2024-04-29 07:26:41'),
(51, '2024-07-26', '2024-12-14', 'CicloEscolar', '2024-04-29 07:26:41', '2024-04-29 07:26:41'),
(52, '2024-01-19', '2024-10-21', 'Semanal', '2024-04-29 07:26:41', '2024-04-29 07:26:41'),
(53, '2024-09-29', '2024-10-02', 'CicloEscolar', '2024-04-29 07:26:41', '2024-04-29 07:26:41'),
(54, '2024-11-24', '2024-12-19', 'CicloEscolar', '2024-04-29 07:26:41', '2024-04-29 07:26:41'),
(55, '2024-06-09', '2024-07-07', 'Momento', '2024-04-29 07:26:41', '2024-04-29 07:26:41'),
(56, '2024-09-27', '2024-11-12', 'Semanal', '2024-04-29 07:26:41', '2024-04-29 07:26:41'),
(57, '2024-06-28', '2024-07-03', 'Semanal', '2024-04-29 07:26:41', '2024-04-29 07:26:41'),
(58, '2024-08-22', '2024-10-08', 'CicloEscolar', '2024-04-29 07:26:41', '2024-04-29 07:26:41'),
(59, '2024-04-11', '2024-12-18', 'CicloEscolar', '2024-04-29 07:26:41', '2024-04-29 07:26:41'),
(60, '2024-09-24', '2024-10-17', 'Momento', '2024-04-29 07:26:41', '2024-04-29 07:26:41'),
(61, '2024-03-06', '2024-09-04', 'Momento', '2024-04-29 07:26:41', '2024-04-29 07:26:41'),
(62, '2024-04-18', '2024-04-28', 'Semanal', '2024-04-29 07:26:41', '2024-04-29 07:26:41'),
(63, '2024-08-07', '2024-10-01', 'CicloEscolar', '2024-04-29 07:26:41', '2024-04-29 07:26:41'),
(64, '2024-02-03', '2024-03-27', 'Momento', '2024-04-29 07:26:41', '2024-04-29 07:26:41'),
(65, '2024-09-22', '2024-09-26', 'CicloEscolar', '2024-04-29 07:26:41', '2024-04-29 07:26:41'),
(66, '2024-08-21', '2024-10-12', 'Semanal', '2024-04-29 07:26:41', '2024-04-29 07:26:41'),
(67, '2024-12-16', '2024-12-29', 'Semanal', '2024-04-29 07:26:41', '2024-04-29 07:26:41'),
(68, '2024-03-18', '2024-04-23', 'CicloEscolar', '2024-04-29 07:26:41', '2024-04-29 07:26:41'),
(69, '2024-01-12', '2024-10-14', 'Semanal', '2024-04-29 07:26:41', '2024-04-29 07:26:41'),
(70, '2024-06-08', '2024-09-10', 'CicloEscolar', '2024-04-29 07:26:41', '2024-04-29 07:26:41'),
(71, '2024-01-04', '2024-01-29', 'CicloEscolar', '2024-04-29 07:26:41', '2024-04-29 07:26:41'),
(72, '2024-10-18', '2024-12-03', 'Semanal', '2024-04-29 07:26:41', '2024-04-29 07:26:41'),
(73, '2024-10-22', '2024-12-28', 'Momento', '2024-04-29 07:26:41', '2024-04-29 07:26:41'),
(74, '2024-11-03', '2024-12-23', 'Semanal', '2024-04-29 07:26:41', '2024-04-29 07:26:41'),
(75, '2024-10-24', '2024-12-01', 'Semanal', '2024-04-29 07:26:41', '2024-04-29 07:26:41'),
(76, '2024-12-08', '2024-12-24', 'Momento', '2024-04-29 07:26:41', '2024-04-29 07:26:41'),
(77, '2024-04-10', '2024-06-01', 'Semanal', '2024-04-29 07:26:41', '2024-04-29 07:26:41'),
(78, '2024-03-09', '2024-04-20', 'CicloEscolar', '2024-04-29 07:26:41', '2024-04-29 07:26:41'),
(79, '2024-03-13', '2024-06-23', 'CicloEscolar', '2024-04-29 07:26:41', '2024-04-29 07:26:41'),
(80, '2024-11-14', '2024-11-24', 'Momento', '2024-04-29 07:26:41', '2024-04-29 07:26:41'),
(81, '2024-06-12', '2024-06-25', 'CicloEscolar', '2024-04-29 07:26:41', '2024-04-29 07:26:41'),
(82, '2024-04-28', '2024-06-09', 'CicloEscolar', '2024-04-29 07:26:41', '2024-04-29 07:26:41'),
(83, '2024-11-22', '2024-11-24', 'Semanal', '2024-04-29 07:26:41', '2024-04-29 07:26:41'),
(84, '2024-04-25', '2024-11-01', 'Semanal', '2024-04-29 07:26:41', '2024-04-29 07:26:41'),
(85, '2024-12-16', '2024-12-25', 'Semanal', '2024-04-29 07:26:41', '2024-04-29 07:26:41'),
(86, '2024-06-10', '2024-12-01', 'CicloEscolar', '2024-04-29 07:26:41', '2024-04-29 07:26:41'),
(87, '2024-12-06', '2024-12-09', 'CicloEscolar', '2024-04-29 07:26:41', '2024-04-29 07:26:41'),
(88, '2024-02-15', '2024-04-09', 'Semanal', '2024-04-29 07:26:41', '2024-04-29 07:26:41'),
(89, '2024-10-04', '2024-10-18', 'Momento', '2024-04-29 07:26:41', '2024-04-29 07:26:41'),
(90, '2024-02-10', '2024-06-21', 'CicloEscolar', '2024-04-29 07:26:41', '2024-04-29 07:26:41'),
(91, '2024-03-06', '2024-12-19', 'Momento', '2024-04-29 07:26:41', '2024-04-29 07:26:41'),
(92, '2024-02-12', '2024-12-13', 'Semanal', '2024-04-29 07:26:41', '2024-04-29 07:26:41'),
(93, '2024-03-09', '2024-07-06', 'CicloEscolar', '2024-04-29 07:26:41', '2024-04-29 07:26:41'),
(94, '2024-01-22', '2024-06-02', 'Semanal', '2024-04-29 07:26:41', '2024-04-29 07:26:41'),
(95, '2024-07-19', '2024-09-05', 'Semanal', '2024-04-29 07:26:41', '2024-04-29 07:26:41'),
(96, '2024-05-07', '2024-11-10', 'CicloEscolar', '2024-04-29 07:26:41', '2024-04-29 07:26:41'),
(97, '2024-10-15', '2024-12-15', 'Semanal', '2024-04-29 07:26:41', '2024-04-29 07:26:41'),
(98, '2024-06-01', '2024-07-29', 'Semanal', '2024-04-29 07:26:41', '2024-04-29 07:26:41'),
(99, '2024-11-20', '2024-12-25', 'CicloEscolar', '2024-04-29 07:26:41', '2024-04-29 07:26:41'),
(100, '2024-06-25', '2024-10-06', 'Momento', '2024-04-29 07:26:41', '2024-04-29 07:26:41'),
(101, '2024-03-19', '2024-07-20', 'CicloEscolar', '2024-04-29 07:26:41', '2024-04-29 07:26:41'),
(102, '2024-09-19', '2024-11-02', 'Semanal', '2024-04-29 07:26:41', '2024-04-29 07:26:41'),
(103, '2024-04-24', '2024-06-12', 'CicloEscolar', '2024-04-29 07:26:41', '2024-04-29 07:26:41'),
(104, '2024-08-16', '2024-09-21', 'CicloEscolar', '2024-04-29 15:47:09', '2024-04-29 15:47:09'),
(105, '2024-11-02', '2024-11-27', 'CicloEscolar', '2024-04-29 15:47:09', '2024-04-29 15:47:09'),
(106, '2024-03-17', '2024-07-18', 'CicloEscolar', '2024-04-29 15:47:09', '2024-04-29 15:47:09'),
(107, '2024-06-17', '2024-11-08', 'Semanal', '2024-04-29 15:47:09', '2024-04-29 15:47:09'),
(108, '2024-01-04', '2024-01-18', 'CicloEscolar', '2024-04-29 15:47:09', '2024-04-29 15:47:09'),
(109, '2024-10-01', '2024-11-23', 'Semanal', '2024-04-29 15:47:09', '2024-04-29 15:47:09'),
(110, '2024-10-23', '2024-12-24', 'Momento', '2024-04-29 15:47:09', '2024-04-29 15:47:09'),
(111, '2024-11-28', '2024-12-25', 'Momento', '2024-04-29 15:47:09', '2024-04-29 15:47:09'),
(112, '2024-02-09', '2024-07-07', 'Semanal', '2024-04-29 15:47:09', '2024-04-29 15:47:09'),
(113, '2024-12-01', '2024-12-27', 'Momento', '2024-04-29 15:47:09', '2024-04-29 15:47:09'),
(114, '2024-10-26', '2024-11-27', 'CicloEscolar', '2024-04-29 15:47:09', '2024-04-29 15:47:09'),
(115, '2024-09-09', '2024-11-20', 'CicloEscolar', '2024-04-29 15:47:09', '2024-04-29 15:47:09'),
(116, '2024-06-01', '2024-11-08', 'Momento', '2024-04-29 15:47:09', '2024-04-29 15:47:09'),
(117, '2024-07-07', '2024-09-04', 'CicloEscolar', '2024-04-29 15:47:09', '2024-04-29 15:47:09'),
(118, '2024-10-10', '2024-11-13', 'Momento', '2024-04-29 15:47:09', '2024-04-29 15:47:09'),
(119, '2024-02-10', '2024-09-19', 'Momento', '2024-04-29 15:47:09', '2024-04-29 15:47:09'),
(120, '2024-05-10', '2024-06-24', 'CicloEscolar', '2024-04-29 15:47:09', '2024-04-29 15:47:09'),
(121, '2024-05-02', '2024-07-08', 'Momento', '2024-04-29 15:47:09', '2024-04-29 15:47:09'),
(122, '2024-08-18', '2024-10-03', 'CicloEscolar', '2024-04-29 15:47:09', '2024-04-29 15:47:09'),
(123, '2024-01-24', '2024-05-25', 'Momento', '2024-04-29 15:47:09', '2024-04-29 15:47:09'),
(124, '2024-11-05', '2024-11-11', 'CicloEscolar', '2024-04-29 15:47:09', '2024-04-29 15:47:09'),
(125, '2024-07-06', '2024-07-10', 'Semanal', '2024-04-29 15:47:09', '2024-04-29 15:47:09'),
(126, '2024-07-13', '2024-11-01', 'Semanal', '2024-04-29 15:47:09', '2024-04-29 15:47:09'),
(127, '2024-10-31', '2024-11-02', 'Momento', '2024-04-29 15:47:09', '2024-04-29 15:47:09'),
(128, '2024-05-20', '2024-09-24', 'Momento', '2024-04-29 15:47:09', '2024-04-29 15:47:09'),
(129, '2024-03-20', '2024-04-29', 'Semanal', '2024-04-29 15:47:09', '2024-04-29 15:47:09'),
(130, '2024-09-02', '2024-10-07', 'CicloEscolar', '2024-04-29 15:47:09', '2024-04-29 15:47:09'),
(131, '2024-11-17', '2024-11-23', 'CicloEscolar', '2024-04-29 15:47:09', '2024-04-29 15:47:09'),
(132, '2024-10-06', '2024-11-27', 'Semanal', '2024-04-29 15:47:09', '2024-04-29 15:47:09'),
(133, '2024-02-10', '2024-10-01', 'CicloEscolar', '2024-04-29 15:47:09', '2024-04-29 15:47:09'),
(134, '2024-08-12', '2024-08-23', 'CicloEscolar', '2024-04-29 15:47:09', '2024-04-29 15:47:09'),
(135, '2024-05-01', '2024-07-12', 'Momento', '2024-04-29 15:47:09', '2024-04-29 15:47:09'),
(136, '2024-08-10', '2024-10-14', 'Semanal', '2024-04-29 15:47:09', '2024-04-29 15:47:09'),
(137, '2024-04-27', '2024-09-30', 'Momento', '2024-04-29 15:47:09', '2024-04-29 15:47:09'),
(138, '2024-05-03', '2024-07-30', 'Momento', '2024-04-29 15:47:09', '2024-04-29 15:47:09'),
(139, '2024-01-24', '2024-04-16', 'Momento', '2024-04-29 15:47:09', '2024-04-29 15:47:09'),
(140, '2024-01-02', '2024-11-27', 'Semanal', '2024-04-29 15:47:09', '2024-04-29 15:47:09'),
(141, '2024-05-29', '2024-12-07', 'CicloEscolar', '2024-04-29 15:47:09', '2024-04-29 15:47:09'),
(142, '2024-02-06', '2024-09-03', 'Semanal', '2024-04-29 15:47:09', '2024-04-29 15:47:09'),
(143, '2024-06-22', '2024-09-19', 'Semanal', '2024-04-29 15:47:09', '2024-04-29 15:47:09'),
(144, '2024-10-09', '2024-10-29', 'Momento', '2024-04-29 15:47:09', '2024-04-29 15:47:09'),
(145, '2024-06-29', '2024-11-07', 'Momento', '2024-04-29 15:47:09', '2024-04-29 15:47:09'),
(146, '2024-09-04', '2024-09-04', 'CicloEscolar', '2024-04-29 15:47:09', '2024-04-29 15:47:09'),
(147, '2024-09-16', '2024-11-04', 'Momento', '2024-04-29 15:47:09', '2024-04-29 15:47:09'),
(148, '2024-05-20', '2024-08-19', 'Momento', '2024-04-29 15:47:09', '2024-04-29 15:47:09'),
(149, '2024-08-25', '2024-12-23', 'Momento', '2024-04-29 15:47:09', '2024-04-29 15:47:09'),
(150, '2024-11-26', '2024-11-27', 'CicloEscolar', '2024-04-29 15:47:09', '2024-04-29 15:47:09'),
(151, '2024-05-11', '2024-06-03', 'Momento', '2024-04-29 15:47:09', '2024-04-29 15:47:09'),
(152, '2024-02-05', '2024-05-28', 'CicloEscolar', '2024-04-29 15:47:09', '2024-04-29 15:47:09'),
(153, '2024-09-20', '2024-11-04', 'Semanal', '2024-04-29 15:47:09', '2024-04-29 15:47:09'),
(154, '2024-09-09', '2024-12-19', 'Semanal', '2024-04-29 15:47:09', '2024-04-29 15:47:09'),
(155, '2024-11-21', '2024-11-30', 'Momento', '2024-04-29 15:47:09', '2024-04-29 15:47:09'),
(156, '2024-01-30', '2024-04-17', 'Momento', '2024-04-29 15:47:09', '2024-04-29 15:47:09'),
(157, '2024-02-04', '2024-12-05', 'CicloEscolar', '2024-04-29 15:47:09', '2024-04-29 15:47:09'),
(158, '2024-06-24', '2024-08-27', 'CicloEscolar', '2024-04-29 15:47:09', '2024-04-29 15:47:09'),
(159, '2024-03-15', '2024-03-20', 'CicloEscolar', '2024-04-29 15:47:09', '2024-04-29 15:47:09'),
(160, '2024-11-10', '2024-12-07', 'Momento', '2024-04-29 15:47:09', '2024-04-29 15:47:09'),
(161, '2024-03-01', '2024-03-30', 'Momento', '2024-04-29 15:47:09', '2024-04-29 15:47:09'),
(162, '2024-05-04', '2024-12-18', 'CicloEscolar', '2024-04-29 15:47:09', '2024-04-29 15:47:09'),
(163, '2024-11-12', '2024-12-08', 'Semanal', '2024-04-29 15:47:09', '2024-04-29 15:47:09'),
(164, '2024-07-24', '2024-08-17', 'Momento', '2024-04-29 15:47:09', '2024-04-29 15:47:09'),
(165, '2024-08-13', '2024-09-02', 'Semanal', '2024-04-29 15:47:09', '2024-04-29 15:47:09'),
(166, '2024-02-10', '2024-04-26', 'Momento', '2024-04-29 15:47:09', '2024-04-29 15:47:09'),
(167, '2024-12-01', '2024-12-06', 'Momento', '2024-04-29 15:47:09', '2024-04-29 15:47:09'),
(168, '2024-04-26', '2024-11-12', 'Momento', '2024-04-29 15:47:09', '2024-04-29 15:47:09'),
(169, '2024-08-17', '2024-10-13', 'Semanal', '2024-04-29 15:47:09', '2024-04-29 15:47:09'),
(170, '2024-09-11', '2024-11-14', 'Momento', '2024-04-29 15:47:09', '2024-04-29 15:47:09'),
(171, '2024-12-22', '2024-12-29', 'Momento', '2024-04-29 15:47:09', '2024-04-29 15:47:09'),
(172, '2024-06-03', '2024-10-27', 'Semanal', '2024-04-29 15:47:09', '2024-04-29 15:47:09'),
(173, '2024-03-05', '2024-07-29', 'CicloEscolar', '2024-04-29 15:47:09', '2024-04-29 15:47:09'),
(174, '2024-03-27', '2024-03-27', 'Momento', '2024-04-29 15:47:09', '2024-04-29 15:47:09'),
(175, '2024-02-24', '2024-03-19', 'Semanal', '2024-04-29 15:47:09', '2024-04-29 15:47:09'),
(176, '2024-09-28', '2024-12-21', 'Semanal', '2024-04-29 15:47:09', '2024-04-29 15:47:09'),
(177, '2024-03-02', '2024-12-09', 'Semanal', '2024-04-29 15:47:09', '2024-04-29 15:47:09'),
(178, '2024-11-09', '2024-12-30', 'Momento', '2024-04-29 15:47:09', '2024-04-29 15:47:09'),
(179, '2024-05-13', '2024-12-26', 'CicloEscolar', '2024-04-29 15:47:09', '2024-04-29 15:47:09'),
(180, '2024-10-15', '2024-11-07', 'Momento', '2024-04-29 15:47:09', '2024-04-29 15:47:09'),
(181, '2024-01-02', '2024-09-12', 'CicloEscolar', '2024-04-29 15:47:09', '2024-04-29 15:47:09'),
(182, '2024-02-24', '2024-03-05', 'Momento', '2024-04-29 15:47:09', '2024-04-29 15:47:09'),
(183, '2024-06-28', '2024-12-05', 'Semanal', '2024-04-29 15:47:09', '2024-04-29 15:47:09'),
(184, '2024-04-16', '2024-05-17', 'Momento', '2024-04-29 15:47:09', '2024-04-29 15:47:09'),
(185, '2024-11-23', '2024-12-10', 'CicloEscolar', '2024-04-29 15:47:09', '2024-04-29 15:47:09'),
(186, '2024-12-22', '2024-12-28', 'Momento', '2024-04-29 15:47:09', '2024-04-29 15:47:09'),
(187, '2024-05-19', '2024-10-24', 'CicloEscolar', '2024-04-29 15:47:09', '2024-04-29 15:47:09'),
(188, '2024-04-26', '2024-11-05', 'Semanal', '2024-04-29 15:47:09', '2024-04-29 15:47:09'),
(189, '2024-10-15', '2024-10-29', 'Momento', '2024-04-29 15:47:09', '2024-04-29 15:47:09'),
(190, '2024-04-29', '2024-08-24', 'CicloEscolar', '2024-04-29 15:47:09', '2024-04-29 15:47:09'),
(191, '2024-06-25', '2024-11-20', 'Momento', '2024-04-29 15:47:09', '2024-04-29 15:47:09'),
(192, '2024-04-13', '2024-12-17', 'Semanal', '2024-04-29 15:47:09', '2024-04-29 15:47:09'),
(193, '2024-08-14', '2024-12-05', 'CicloEscolar', '2024-04-29 15:47:09', '2024-04-29 15:47:09'),
(194, '2024-03-13', '2024-08-19', 'Semanal', '2024-04-29 15:47:09', '2024-04-29 15:47:09'),
(195, '2024-12-10', '2024-12-12', 'Semanal', '2024-04-29 15:47:09', '2024-04-29 15:47:09'),
(196, '2024-07-11', '2024-11-20', 'Semanal', '2024-04-29 15:47:09', '2024-04-29 15:47:09'),
(197, '2024-12-28', '2024-12-28', 'Momento', '2024-04-29 15:47:09', '2024-04-29 15:47:09'),
(198, '2024-03-29', '2024-05-03', 'Momento', '2024-04-29 15:47:09', '2024-04-29 15:47:09'),
(199, '2024-09-21', '2024-10-30', 'CicloEscolar', '2024-04-29 15:47:09', '2024-04-29 15:47:09'),
(200, '2024-07-30', '2024-09-10', 'Semanal', '2024-04-29 15:47:09', '2024-04-29 15:47:09'),
(201, '2024-09-09', '2024-12-05', 'CicloEscolar', '2024-04-29 15:47:09', '2024-04-29 15:47:09'),
(202, '2024-07-30', '2024-11-12', 'Momento', '2024-04-29 15:47:09', '2024-04-29 15:47:09'),
(203, '2024-01-13', '2024-08-21', 'Momento', '2024-04-29 15:47:09', '2024-04-29 15:47:09');

-- --------------------------------------------------------

--
-- Estructura de tabla para la tabla `progresion`
--

CREATE TABLE `progresion` (
  `id` bigint(20) UNSIGNED NOT NULL,
  `id_Periodo` bigint(20) UNSIGNED NOT NULL,
  `tema` varchar(255) NOT NULL,
  `aprendizajeEsperado` varchar(255) NOT NULL,
  `materiales` varchar(255) NOT NULL,
  `created_at` timestamp NULL DEFAULT NULL,
  `updated_at` timestamp NULL DEFAULT NULL
) ENGINE=InnoDB DEFAULT CHARSET=utf8mb4 COLLATE=utf8mb4_unicode_ci;

-- --------------------------------------------------------

--
-- Estructura de tabla para la tabla `progresion_evaluacion`
--

CREATE TABLE `progresion_evaluacion` (
  `id` bigint(20) UNSIGNED NOT NULL,
  `id_Progresion` bigint(20) UNSIGNED NOT NULL,
  `id_Evaluacion` bigint(20) UNSIGNED NOT NULL,
  `created_at` timestamp NULL DEFAULT NULL,
  `updated_at` timestamp NULL DEFAULT NULL
) ENGINE=InnoDB DEFAULT CHARSET=utf8mb4 COLLATE=utf8mb4_unicode_ci;

-- --------------------------------------------------------

--
-- Estructura de tabla para la tabla `sessions`
--

CREATE TABLE `sessions` (
  `id` varchar(255) NOT NULL,
  `user_id` bigint(20) UNSIGNED DEFAULT NULL,
  `ip_address` varchar(45) DEFAULT NULL,
  `user_agent` text DEFAULT NULL,
  `payload` longtext NOT NULL,
  `last_activity` int(11) NOT NULL
) ENGINE=InnoDB DEFAULT CHARSET=utf8mb4 COLLATE=utf8mb4_unicode_ci;

--
-- Volcado de datos para la tabla `sessions`
--

INSERT INTO `sessions` (`id`, `user_id`, `ip_address`, `user_agent`, `payload`, `last_activity`) VALUES
('pjEhnJlE1sFW16pRju8Z0pBKJZmKNwe8vJFWSs5d', 1, '127.0.0.1', 'Mozilla/5.0 (Windows NT 10.0; Win64; x64) AppleWebKit/537.36 (KHTML, like Gecko) Chrome/124.0.0.0 Safari/537.36 Edg/124.0.0.0', 'YTo3OntzOjY6Il90b2tlbiI7czo0MDoieVFqNENvWjVNR1ZnM2EwOTFUVGZTdGN0d0J2QUoxTkQ0RDdaWUlzSSI7czo2OiJfZmxhc2giO2E6Mjp7czozOiJvbGQiO2E6MDp7fXM6MzoibmV3IjthOjA6e319czozOiJ1cmwiO2E6MTp7czo4OiJpbnRlbmRlZCI7czoyMToiaHR0cDovLzEyNy4wLjAuMTo4MDAwIjt9czo5OiJfcHJldmlvdXMiO2E6MTp7czozOiJ1cmwiO3M6MzU6Imh0dHA6Ly8xMjcuMC4wLjE6ODAwMC9wZXJpb2RvL2luZGV4Ijt9czo1MDoibG9naW5fd2ViXzU5YmEzNmFkZGMyYjJmOTQwMTU4MGYwMTRjN2Y1OGVhNGUzMDk4OWQiO2k6MTtzOjQ6ImF1dGgiO2E6MTp7czoyMToicGFzc3dvcmRfY29uZmlybWVkX2F0IjtpOjE3MTQ0MDU2NDM7fXM6NDoidXNlciI7YToxNTp7czoyOiJpZCI7aToxO3M6NToiZW1haWwiO3M6NjoiWW9NZXJvIjtzOjY6ImNvcnJlbyI7czo3OiJhQGEuY29tIjtzOjE3OiJlbWFpbF92ZXJpZmllZF9hdCI7TjtzOjEyOiJwcmltZXJOb21icmUiO3M6NjoiTWlndWVsIjtzOjEzOiJzZWd1bmRvTm9tYnJlIjtzOjU6IkFuZ2VsIjtzOjE1OiJhcGVsbGlkb1BhdGVybm8iO3M6NDoiQ3J1eiI7czoxNToiYXBlbGxpZG9NYXRlcm5vIjtzOjU6IlJvbWFuIjtzOjM6InJvbCI7czoxMzoiQWRtaW5pc3RyYWRvciI7czo0OiJmb3RvIjtzOjE3OToiaHR0cHM6Ly91cGxvYWQud2lraW1lZGlhLm9yZy93aWtpcGVkaWEvY29tbW9ucy90aHVtYi8wLzAyL1NlYV9PdHRlcl8lMjhFbmh5ZHJhX2x1dHJpcyUyOV8lMjgyNTE2OTc5MDUyNCUyOV9jcm9wLmpwZy8yNTBweC1TZWFfT3R0ZXJfJTI4RW5oeWRyYV9sdXRyaXMlMjlfJTI4MjUxNjk3OTA1MjQlMjlfY3JvcC5qcGciO3M6NzoiZXN0YXR1cyI7aToxO3M6NDoic2V4byI7czo2OiJIb21icmUiO3M6ODoidGVsZWZvbm8iO3M6MTA6IjIzMTEzOTAyMTYiO3M6MTA6ImNyZWF0ZWRfYXQiO3M6Mjc6IjIwMjQtMDQtMjlUMDM6MDg6NDQuMDAwMDAwWiI7czoxMDoidXBkYXRlZF9hdCI7czoyNzoiMjAyNC0wNC0yOVQwOTo0NTo0Ni4wMDAwMDBaIjt9fQ==', 1714405750),
('POnaajF38Yg5gpUUVSkIJxBSvx86cbS6WtLoWVyR', 1, '127.0.0.1', 'Mozilla/5.0 (Windows NT 10.0; Win64; x64) AppleWebKit/537.36 (KHTML, like Gecko) Chrome/124.0.0.0 Safari/537.36 Edg/124.0.0.0', 'YTo3OntzOjY6Il90b2tlbiI7czo0MDoiUml3dWhDM0lLaEVLUEJBbllXeGpaOE1hUURlclVQTE4xN2tFc0xyayI7czo2OiJfZmxhc2giO2E6Mjp7czozOiJvbGQiO2E6MDp7fXM6MzoibmV3IjthOjA6e319czozOiJ1cmwiO2E6MTp7czo4OiJpbnRlbmRlZCI7czoyMToiaHR0cDovLzEyNy4wLjAuMTo4MDAwIjt9czo5OiJfcHJldmlvdXMiO2E6MTp7czozOiJ1cmwiO3M6Mjk6Imh0dHA6Ly8xMjcuMC4wLjE6ODAwMC9wcnVlYmFzIjt9czo1MDoibG9naW5fd2ViXzU5YmEzNmFkZGMyYjJmOTQwMTU4MGYwMTRjN2Y1OGVhNGUzMDk4OWQiO2k6MTtzOjQ6ImF1dGgiO2E6MTp7czoyMToicGFzc3dvcmRfY29uZmlybWVkX2F0IjtpOjE3MTQ0MDQ1NjU7fXM6NDoidXNlciI7YToxNTp7czoyOiJpZCI7aToxO3M6NToiZW1haWwiO3M6NjoiWW9NZXJvIjtzOjY6ImNvcnJlbyI7czo3OiJhQGEuY29tIjtzOjE3OiJlbWFpbF92ZXJpZmllZF9hdCI7TjtzOjEyOiJwcmltZXJOb21icmUiO3M6NjoiTWlndWVsIjtzOjEzOiJzZWd1bmRvTm9tYnJlIjtzOjU6IkFuZ2VsIjtzOjE1OiJhcGVsbGlkb1BhdGVybm8iO3M6NDoiQ3J1eiI7czoxNToiYXBlbGxpZG9NYXRlcm5vIjtzOjU6IlJvbWFuIjtzOjM6InJvbCI7czoxMzoiQWRtaW5pc3RyYWRvciI7czo0OiJmb3RvIjtzOjE3OToiaHR0cHM6Ly91cGxvYWQud2lraW1lZGlhLm9yZy93aWtpcGVkaWEvY29tbW9ucy90aHVtYi8wLzAyL1NlYV9PdHRlcl8lMjhFbmh5ZHJhX2x1dHJpcyUyOV8lMjgyNTE2OTc5MDUyNCUyOV9jcm9wLmpwZy8yNTBweC1TZWFfT3R0ZXJfJTI4RW5oeWRyYV9sdXRyaXMlMjlfJTI4MjUxNjk3OTA1MjQlMjlfY3JvcC5qcGciO3M6NzoiZXN0YXR1cyI7aToxO3M6NDoic2V4byI7czo2OiJIb21icmUiO3M6ODoidGVsZWZvbm8iO3M6MTA6IjIzMTEzOTAyMTYiO3M6MTA6ImNyZWF0ZWRfYXQiO3M6Mjc6IjIwMjQtMDQtMjlUMDM6MDg6NDQuMDAwMDAwWiI7czoxMDoidXBkYXRlZF9hdCI7czoyNzoiMjAyNC0wNC0yOVQwOTo0NTo0Ni4wMDAwMDBaIjt9fQ==', 1714405919),
('TlMXdvGdWYOKetrrxTgZqk8noBAto2TM2TXjoZ2X', NULL, '127.0.0.1', 'Mozilla/5.0 (Windows NT 10.0; Win64; x64) AppleWebKit/537.36 (KHTML, like Gecko) Chrome/124.0.0.0 Safari/537.36 Edg/124.0.0.0', 'YTozOntzOjY6Il90b2tlbiI7czo0MDoiV3JlMktyZWVSb3pOcFdjeGpXTXViNm95YWc4a0ZKRkNZOU9tdnEyNiI7czo5OiJfcHJldmlvdXMiO2E6MTp7czozOiJ1cmwiO3M6Mzg6Imh0dHA6Ly8xMjcuMC4wLjE6ODAwMC9ldmFsdWFjaW9uL2luZGV4Ijt9czo2OiJfZmxhc2giO2E6Mjp7czozOiJvbGQiO2E6MDp7fXM6MzoibmV3IjthOjA6e319fQ==', 1714405548);

-- --------------------------------------------------------

--
-- Estructura de tabla para la tabla `users`
--

CREATE TABLE `users` (
  `id` bigint(20) UNSIGNED NOT NULL,
  `email` varchar(255) NOT NULL,
  `correo` varchar(255) DEFAULT NULL,
  `email_verified_at` timestamp NULL DEFAULT NULL,
  `password` varchar(255) NOT NULL,
  `remember_token` varchar(100) DEFAULT NULL,
  `primerNombre` varchar(255) NOT NULL,
  `segundoNombre` varchar(255) DEFAULT NULL,
  `apellidoPaterno` varchar(255) NOT NULL,
  `apellidoMaterno` varchar(255) NOT NULL,
  `rol` enum('Administrador','Alumno','Docente','Tutor') NOT NULL,
  `foto` varchar(255) NOT NULL,
  `estatus` tinyint(1) NOT NULL,
  `sexo` enum('Hombre','Mujer') NOT NULL,
  `telefono` varchar(255) NOT NULL,
  `created_at` timestamp NULL DEFAULT NULL,
  `updated_at` timestamp NULL DEFAULT NULL
) ENGINE=InnoDB DEFAULT CHARSET=utf8mb4 COLLATE=utf8mb4_unicode_ci;

--
-- Volcado de datos para la tabla `users`
--

INSERT INTO `users` (`id`, `email`, `correo`, `email_verified_at`, `password`, `remember_token`, `primerNombre`, `segundoNombre`, `apellidoPaterno`, `apellidoMaterno`, `rol`, `foto`, `estatus`, `sexo`, `telefono`, `created_at`, `updated_at`) VALUES
(1, 'YoMero', 'a@a.com', NULL, '$2y$12$5/NND.NmlSUUdx6PD9WC.eCSnoUST2vpxcwcei58oqi4LhJfl6axi', '4yh7Z5HEkpdSQdkV532LweK7GMSFO2jYhC9BSfO3gk3qVLo8NyPHpIgBgoFD', 'Miguel', 'Angel', 'Cruz', 'Roman', 'Administrador', 'https://upload.wikimedia.org/wikipedia/commons/thumb/0/02/Sea_Otter_%28Enhydra_lutris%29_%2825169790524%29_crop.jpg/250px-Sea_Otter_%28Enhydra_lutris%29_%2825169790524%29_crop.jpg', 1, 'Hombre', '2311390216', '2024-04-29 03:08:44', '2024-04-29 09:45:46'),
(2, 'b@b.com', 'vilma17@example.com', '2024-04-29 07:26:04', '$2y$12$yPfdQqtFq8WnSGFWrU7Ka.gH0oiOxmw/YKBhUwhRVqXX3PpupmFZ6', 'JzDf0Xtdlz', 'Everardo', NULL, 'Tremblay', 'Cummerata', 'Docente', 'https://via.placeholder.com/640x480.png/0088cc?text=occaecati', 1, 'Hombre', '443.970.3807', '2024-04-29 07:26:05', '2024-04-29 07:26:05'),
(3, 'elliot.corkery', 'lehner.mavis@example.net', '2024-04-29 07:26:05', '$2y$12$yPfdQqtFq8WnSGFWrU7Ka.gH0oiOxmw/YKBhUwhRVqXX3PpupmFZ6', '05RjzhacYp', 'Tavares', NULL, 'Walker', 'Olson', 'Docente', 'https://via.placeholder.com/640x480.png/009988?text=voluptas', 1, 'Mujer', '+1 (351) 203-3592', '2024-04-29 07:26:05', '2024-04-29 07:26:05'),
(4, 'blake05', 'kiehn.jaqueline@example.org', '2024-04-29 07:26:05', '$2y$12$yPfdQqtFq8WnSGFWrU7Ka.gH0oiOxmw/YKBhUwhRVqXX3PpupmFZ6', 'IZFK1FifJG', 'Brielle', 'Yasmin', 'Weissnat', 'Runolfsson', 'Alumno', 'https://via.placeholder.com/640x480.png/00dd11?text=illum', 1, 'Hombre', '+1.520.508.4972', '2024-04-29 07:26:05', '2024-04-29 07:26:05'),
(5, 'ima28', 'dereck.jenkins@example.org', '2024-04-29 07:26:05', '$2y$12$yPfdQqtFq8WnSGFWrU7Ka.gH0oiOxmw/YKBhUwhRVqXX3PpupmFZ6', 'VRJ7raOPpn', 'Evelyn', 'Deion', 'Grady', 'Gutmann', 'Administrador', 'https://via.placeholder.com/640x480.png/00dd77?text=facilis', 1, 'Mujer', '(586) 391-8929', '2024-04-29 07:26:05', '2024-04-29 07:26:05'),
(6, 'melba.murphy', 'rmcdermott@example.com', '2024-04-29 07:26:05', '$2y$12$yPfdQqtFq8WnSGFWrU7Ka.gH0oiOxmw/YKBhUwhRVqXX3PpupmFZ6', 'HREW13lvPd', 'Betsy', NULL, 'Berge', 'Osinski', 'Administrador', 'https://via.placeholder.com/640x480.png/004455?text=aliquam', 1, 'Hombre', '(463) 510-1305', '2024-04-29 07:26:05', '2024-04-29 07:26:05'),
(7, 'blesch', 'zemlak.mireya@example.net', '2024-04-29 07:26:05', '$2y$12$yPfdQqtFq8WnSGFWrU7Ka.gH0oiOxmw/YKBhUwhRVqXX3PpupmFZ6', '5Q73PBdKZy', 'Kelli', NULL, 'Schoen', 'Cartwright', 'Tutor', 'https://via.placeholder.com/640x480.png/0066dd?text=et', 1, 'Mujer', '+1-804-484-7407', '2024-04-29 07:26:05', '2024-04-29 07:26:05'),
(8, 'rosalyn.kunze', 'istark@example.org', '2024-04-29 07:26:05', '$2y$12$yPfdQqtFq8WnSGFWrU7Ka.gH0oiOxmw/YKBhUwhRVqXX3PpupmFZ6', 'nAiLcM2dyQ', 'Lauryn', NULL, 'Langworth', 'Cummerata', 'Docente', 'https://via.placeholder.com/640x480.png/00eeaa?text=laborum', 1, 'Hombre', '320-927-6843', '2024-04-29 07:26:05', '2024-04-29 07:26:05'),
(9, 'dicki.arjun', 'lysanne.mclaughlin@example.org', '2024-04-29 07:26:05', '$2y$12$yPfdQqtFq8WnSGFWrU7Ka.gH0oiOxmw/YKBhUwhRVqXX3PpupmFZ6', 'IRT2phfPa3', 'Odell', NULL, 'Bartoletti', 'Armstrong', 'Tutor', 'https://via.placeholder.com/640x480.png/007711?text=odio', 1, 'Hombre', '1-360-471-1941', '2024-04-29 07:26:05', '2024-04-29 07:26:05'),
(10, 'nikolaus.hayley', 'ferne13@example.net', '2024-04-29 07:26:05', '$2y$12$yPfdQqtFq8WnSGFWrU7Ka.gH0oiOxmw/YKBhUwhRVqXX3PpupmFZ6', 'db7MpByf2W', 'April', NULL, 'Wiza', 'Kihn', 'Alumno', 'https://via.placeholder.com/640x480.png/00ff00?text=perferendis', 1, 'Hombre', '(909) 453-4298', '2024-04-29 07:26:05', '2024-04-29 07:26:05'),
(11, 'uzemlak', 'oschumm@example.com', '2024-04-29 07:26:05', '$2y$12$yPfdQqtFq8WnSGFWrU7Ka.gH0oiOxmw/YKBhUwhRVqXX3PpupmFZ6', 'rwVtcO7lrA', 'Carroll', 'Guiseppe', 'Rath', 'Dibbert', 'Tutor', 'https://via.placeholder.com/640x480.png/00ddff?text=tenetur', 1, 'Hombre', '+1-865-334-4651', '2024-04-29 07:26:05', '2024-04-29 07:26:05'),
(13, 'd@d.com', 'b@a.com', NULL, '$2y$12$BSflOXWa/6ZLbE8jqdkeQegTSdKuw2jWUtzv2fFQVNsDpLPlSOujC', 'p9b9ZgTekOdbBLX8UdrbLNn1flz7bkJGYcBYIJg1W9lv3k7HAg55KbB7cOy9', 'Miguel', 'Angel', 'Cruz', 'Roman', 'Docente', 'Captura de pantalla (49).png', 1, 'Hombre', '2311390216', '2024-04-29 08:50:28', '2024-04-29 09:02:21'),
(14, 'c@c.com', 'c@d.com', NULL, '$2y$12$Dva1bSmEDEDuftEh8IIza.g.XsE3GpDaGtTMdnVJIt6METEfCwfSq', NULL, 'Yo', 'Mero', 'Alumno', 'Si', 'Alumno', 'Captura de pantalla (51).png', 1, 'Mujer', '9638527412', '2024-04-29 09:24:12', '2024-04-29 09:24:12');

--
-- Índices para tablas volcadas
--

--
-- Indices de la tabla `alumno`
--
ALTER TABLE `alumno`
  ADD PRIMARY KEY (`id`),
  ADD KEY `alumno_id_usuario_foreign` (`id_Usuario`),
  ADD KEY `alumno_id_usuariotutor_foreign` (`id_UsuarioTutor`);

--
-- Indices de la tabla `asignatura`
--
ALTER TABLE `asignatura`
  ADD PRIMARY KEY (`id`);

--
-- Indices de la tabla `asignatura_docente`
--
ALTER TABLE `asignatura_docente`
  ADD PRIMARY KEY (`id`),
  ADD KEY `asignatura_docente_id_asignatura_foreign` (`id_Asignatura`),
  ADD KEY `asignatura_docente_id_docente_foreign` (`id_Docente`);

--
-- Indices de la tabla `bloque`
--
ALTER TABLE `bloque`
  ADD PRIMARY KEY (`id`),
  ADD KEY `bloque_id_asignatura_foreign` (`id_Asignatura`);

--
-- Indices de la tabla `bloque_progresion`
--
ALTER TABLE `bloque_progresion`
  ADD PRIMARY KEY (`id`),
  ADD KEY `bloque_progresion_id_bloque_foreign` (`id_Bloque`),
  ADD KEY `bloque_progresion_id_progresion_foreign` (`id_Progresion`);

--
-- Indices de la tabla `cache`
--
ALTER TABLE `cache`
  ADD PRIMARY KEY (`key`);

--
-- Indices de la tabla `cache_locks`
--
ALTER TABLE `cache_locks`
  ADD PRIMARY KEY (`key`);

--
-- Indices de la tabla `docente`
--
ALTER TABLE `docente`
  ADD PRIMARY KEY (`id`),
  ADD KEY `docente_id_usuario_foreign` (`id_Usuario`);

--
-- Indices de la tabla `evaluacion`
--
ALTER TABLE `evaluacion`
  ADD PRIMARY KEY (`id`);

--
-- Indices de la tabla `failed_jobs`
--
ALTER TABLE `failed_jobs`
  ADD PRIMARY KEY (`id`),
  ADD UNIQUE KEY `failed_jobs_uuid_unique` (`uuid`);

--
-- Indices de la tabla `grupo`
--
ALTER TABLE `grupo`
  ADD PRIMARY KEY (`id`),
  ADD KEY `grupo_id_asignatura_docente_foreign` (`id_Asignatura_Docente`),
  ADD KEY `grupo_id_periodo_foreign` (`id_Periodo`);

--
-- Indices de la tabla `grupo_alumno`
--
ALTER TABLE `grupo_alumno`
  ADD PRIMARY KEY (`id`),
  ADD KEY `grupo_alumno_id_grupo_foreign` (`id_Grupo`),
  ADD KEY `grupo_alumno_id_alumno_foreign` (`id_alumno`);

--
-- Indices de la tabla `horario`
--
ALTER TABLE `horario`
  ADD PRIMARY KEY (`id`);

--
-- Indices de la tabla `horario_asignatura`
--
ALTER TABLE `horario_asignatura`
  ADD PRIMARY KEY (`id`),
  ADD KEY `horario_asignatura_id_horario_foreign` (`id_Horario`),
  ADD KEY `horario_asignatura_id_asignatura_foreign` (`id_Asignatura`);

--
-- Indices de la tabla `jobs`
--
ALTER TABLE `jobs`
  ADD PRIMARY KEY (`id`),
  ADD KEY `jobs_queue_index` (`queue`);

--
-- Indices de la tabla `job_batches`
--
ALTER TABLE `job_batches`
  ADD PRIMARY KEY (`id`);

--
-- Indices de la tabla `migrations`
--
ALTER TABLE `migrations`
  ADD PRIMARY KEY (`id`);

--
-- Indices de la tabla `password_reset_tokens`
--
ALTER TABLE `password_reset_tokens`
  ADD PRIMARY KEY (`email`);

--
-- Indices de la tabla `periodo`
--
ALTER TABLE `periodo`
  ADD PRIMARY KEY (`id`);

--
-- Indices de la tabla `progresion`
--
ALTER TABLE `progresion`
  ADD PRIMARY KEY (`id`),
  ADD KEY `progresion_id_periodo_foreign` (`id_Periodo`);

--
-- Indices de la tabla `progresion_evaluacion`
--
ALTER TABLE `progresion_evaluacion`
  ADD PRIMARY KEY (`id`),
  ADD KEY `progresion_evaluacion_id_progresion_foreign` (`id_Progresion`),
  ADD KEY `progresion_evaluacion_id_evaluacion_foreign` (`id_Evaluacion`);

--
-- Indices de la tabla `sessions`
--
ALTER TABLE `sessions`
  ADD PRIMARY KEY (`id`),
  ADD KEY `sessions_user_id_index` (`user_id`),
  ADD KEY `sessions_last_activity_index` (`last_activity`);

--
-- Indices de la tabla `users`
--
ALTER TABLE `users`
  ADD PRIMARY KEY (`id`),
  ADD UNIQUE KEY `users_email_unique` (`email`),
  ADD UNIQUE KEY `users_correo_unique` (`correo`);

--
-- AUTO_INCREMENT de las tablas volcadas
--

--
-- AUTO_INCREMENT de la tabla `alumno`
--
ALTER TABLE `alumno`
  MODIFY `id` bigint(20) UNSIGNED NOT NULL AUTO_INCREMENT, AUTO_INCREMENT=101;

--
-- AUTO_INCREMENT de la tabla `asignatura`
--
ALTER TABLE `asignatura`
  MODIFY `id` bigint(20) UNSIGNED NOT NULL AUTO_INCREMENT, AUTO_INCREMENT=3;

--
-- AUTO_INCREMENT de la tabla `asignatura_docente`
--
ALTER TABLE `asignatura_docente`
  MODIFY `id` bigint(20) UNSIGNED NOT NULL AUTO_INCREMENT, AUTO_INCREMENT=102;

--
-- AUTO_INCREMENT de la tabla `bloque`
--
ALTER TABLE `bloque`
  MODIFY `id` bigint(20) UNSIGNED NOT NULL AUTO_INCREMENT;

--
-- AUTO_INCREMENT de la tabla `bloque_progresion`
--
ALTER TABLE `bloque_progresion`
  MODIFY `id` bigint(20) UNSIGNED NOT NULL AUTO_INCREMENT;

--
-- AUTO_INCREMENT de la tabla `docente`
--
ALTER TABLE `docente`
  MODIFY `id` bigint(20) UNSIGNED NOT NULL AUTO_INCREMENT, AUTO_INCREMENT=101;

--
-- AUTO_INCREMENT de la tabla `evaluacion`
--
ALTER TABLE `evaluacion`
  MODIFY `id` bigint(20) UNSIGNED NOT NULL AUTO_INCREMENT, AUTO_INCREMENT=106;

--
-- AUTO_INCREMENT de la tabla `failed_jobs`
--
ALTER TABLE `failed_jobs`
  MODIFY `id` bigint(20) UNSIGNED NOT NULL AUTO_INCREMENT;

--
-- AUTO_INCREMENT de la tabla `grupo`
--
ALTER TABLE `grupo`
  MODIFY `id` bigint(20) UNSIGNED NOT NULL AUTO_INCREMENT, AUTO_INCREMENT=102;

--
-- AUTO_INCREMENT de la tabla `grupo_alumno`
--
ALTER TABLE `grupo_alumno`
  MODIFY `id` bigint(20) UNSIGNED NOT NULL AUTO_INCREMENT, AUTO_INCREMENT=106;

--
-- AUTO_INCREMENT de la tabla `horario`
--
ALTER TABLE `horario`
  MODIFY `id` bigint(20) UNSIGNED NOT NULL AUTO_INCREMENT, AUTO_INCREMENT=101;

--
-- AUTO_INCREMENT de la tabla `horario_asignatura`
--
ALTER TABLE `horario_asignatura`
  MODIFY `id` bigint(20) UNSIGNED NOT NULL AUTO_INCREMENT, AUTO_INCREMENT=101;

--
-- AUTO_INCREMENT de la tabla `jobs`
--
ALTER TABLE `jobs`
  MODIFY `id` bigint(20) UNSIGNED NOT NULL AUTO_INCREMENT;

--
-- AUTO_INCREMENT de la tabla `migrations`
--
ALTER TABLE `migrations`
  MODIFY `id` int(10) UNSIGNED NOT NULL AUTO_INCREMENT, AUTO_INCREMENT=87;

--
-- AUTO_INCREMENT de la tabla `periodo`
--
ALTER TABLE `periodo`
  MODIFY `id` bigint(20) UNSIGNED NOT NULL AUTO_INCREMENT, AUTO_INCREMENT=204;

--
-- AUTO_INCREMENT de la tabla `progresion`
--
ALTER TABLE `progresion`
  MODIFY `id` bigint(20) UNSIGNED NOT NULL AUTO_INCREMENT;

--
-- AUTO_INCREMENT de la tabla `progresion_evaluacion`
--
ALTER TABLE `progresion_evaluacion`
  MODIFY `id` bigint(20) UNSIGNED NOT NULL AUTO_INCREMENT;

--
-- AUTO_INCREMENT de la tabla `users`
--
ALTER TABLE `users`
  MODIFY `id` bigint(20) UNSIGNED NOT NULL AUTO_INCREMENT, AUTO_INCREMENT=15;

--
-- Restricciones para tablas volcadas
--

--
-- Filtros para la tabla `alumno`
--
ALTER TABLE `alumno`
  ADD CONSTRAINT `alumno_id_usuario_foreign` FOREIGN KEY (`id_Usuario`) REFERENCES `users` (`id`),
  ADD CONSTRAINT `alumno_id_usuariotutor_foreign` FOREIGN KEY (`id_UsuarioTutor`) REFERENCES `users` (`id`);

--
-- Filtros para la tabla `asignatura_docente`
--
ALTER TABLE `asignatura_docente`
  ADD CONSTRAINT `asignatura_docente_id_asignatura_foreign` FOREIGN KEY (`id_Asignatura`) REFERENCES `asignatura` (`id`),
  ADD CONSTRAINT `asignatura_docente_id_docente_foreign` FOREIGN KEY (`id_Docente`) REFERENCES `docente` (`id`);

--
-- Filtros para la tabla `bloque`
--
ALTER TABLE `bloque`
  ADD CONSTRAINT `bloque_id_asignatura_foreign` FOREIGN KEY (`id_Asignatura`) REFERENCES `asignatura` (`id`);

--
-- Filtros para la tabla `bloque_progresion`
--
ALTER TABLE `bloque_progresion`
  ADD CONSTRAINT `bloque_progresion_id_bloque_foreign` FOREIGN KEY (`id_Bloque`) REFERENCES `bloque` (`id`),
  ADD CONSTRAINT `bloque_progresion_id_progresion_foreign` FOREIGN KEY (`id_Progresion`) REFERENCES `progresion` (`id`);

--
-- Filtros para la tabla `docente`
--
ALTER TABLE `docente`
  ADD CONSTRAINT `docente_id_usuario_foreign` FOREIGN KEY (`id_Usuario`) REFERENCES `users` (`id`);

--
-- Filtros para la tabla `grupo`
--
ALTER TABLE `grupo`
  ADD CONSTRAINT `grupo_id_asignatura_docente_foreign` FOREIGN KEY (`id_Asignatura_Docente`) REFERENCES `asignatura_docente` (`id`),
  ADD CONSTRAINT `grupo_id_periodo_foreign` FOREIGN KEY (`id_Periodo`) REFERENCES `periodo` (`id`);

--
-- Filtros para la tabla `grupo_alumno`
--
ALTER TABLE `grupo_alumno`
  ADD CONSTRAINT `grupo_alumno_id_alumno_foreign` FOREIGN KEY (`id_alumno`) REFERENCES `alumno` (`id`),
  ADD CONSTRAINT `grupo_alumno_id_grupo_foreign` FOREIGN KEY (`id_Grupo`) REFERENCES `grupo` (`id`);

--
-- Filtros para la tabla `horario_asignatura`
--
ALTER TABLE `horario_asignatura`
  ADD CONSTRAINT `horario_asignatura_id_asignatura_foreign` FOREIGN KEY (`id_Asignatura`) REFERENCES `asignatura` (`id`),
  ADD CONSTRAINT `horario_asignatura_id_horario_foreign` FOREIGN KEY (`id_Horario`) REFERENCES `horario` (`id`);

--
-- Filtros para la tabla `progresion`
--
ALTER TABLE `progresion`
  ADD CONSTRAINT `progresion_id_periodo_foreign` FOREIGN KEY (`id_Periodo`) REFERENCES `periodo` (`id`);

--
-- Filtros para la tabla `progresion_evaluacion`
--
ALTER TABLE `progresion_evaluacion`
  ADD CONSTRAINT `progresion_evaluacion_id_evaluacion_foreign` FOREIGN KEY (`id_Evaluacion`) REFERENCES `evaluacion` (`id`),
  ADD CONSTRAINT `progresion_evaluacion_id_progresion_foreign` FOREIGN KEY (`id_Progresion`) REFERENCES `progresion` (`id`);
COMMIT;

/*!40101 SET CHARACTER_SET_CLIENT=@OLD_CHARACTER_SET_CLIENT */;
/*!40101 SET CHARACTER_SET_RESULTS=@OLD_CHARACTER_SET_RESULTS */;
/*!40101 SET COLLATION_CONNECTION=@OLD_COLLATION_CONNECTION */;
